UG_COD,UG_COD_DESC,UF,REGIÃO
10001,010001 - CAMARA DOS DEPUTADOS,,
10090,010090 - FUNDO ROTATIVO DA CAMARA DOS DEPUTADOS,,
20001,020001 - SENADO FEDERAL,,
20054,020054 - FUNDO ESPECIAL DO SENADO FEDERAL,,
20113,020113 - SERVICO APOIO ADMINIST. E REGISTRO FUNCIONAL,,
30001,030001 - TRIBUNAL DE CONTAS DA UNIAO,,
30002,030002 - SECRETARIA DE CONTROLE EXTERNO NO PARA,,
30003,030003 - SECRETARIA DE CONTROLE EXTERNO NO MARANHAO,,
30004,030004 - SECRETARIA DE CONTROLE EXTERNO NO PIAUI,,
30005,030005 - SECRETARIA DE CONTROLE EXTERNO NO CEARA,,
30006,030006 - SECRETARIA CONTROLE EXTERNO NO RIO G DO NORTE,,
30007,030007 - SECRETARIA DE CONTROLE EXTERNO NA PARAIBA,,
30008,030008 - SECRETARIA DE CONTROLE EXTERNO EM PERNAMBUCO,,
30009,030009 - SECRETARIA DE CONTROLE EXTERNO EM ALAGOAS,,
30010,030010 - SECRETARIA DE CONTROLE EXTERNO EM SERGIPE,,
30011,030011 - SECRETARIA DE CONTROLE EXTERNO NA BAHIA,,
30012,030012 - SECRETARIA  CONTROLE EXTERNO EM MINAS GERAIS,,
30013,030013 - SECRETARIA CONTROLE EXTERNO NO ESPIRITO SANTO,,
30014,030014 - SECRETARIA CONTROLE EXTERNO EM MATO G DO SUL,,
30015,030015 - SECRETARIA CONTROLE EXTERNO NO RIO DE JANEIRO,,
30016,030016 - SECRETARIA DE CONTROLE EXTERNO EM SAO PAULO,,
30017,030017 - SECRETARIA DE CONTROLE EXTERNO NO PARANA,,
30018,030018 - SECRETARIA CONTROLE EXTERNO EM SANTA CATARINA,,
30019,030019 - SECRETARIA CONTROLE EXTERNO NO RIO G DO SUL,,
30020,030020 - SECRETARIA DE CONTROLE EXTERNO NO MATO GROSSO,,
30021,030021 - SECRETARIA DE CONTROLE EXTERNO EM GOIAS,,
30022,030022 - SECRETARIA DE CONTROLE EXTERNO NO AMAZONAS,,
30023,030023 - SECRET.DE CONTROLE EXTER.EM TOCANTINS,,
30024,030024 - SECRETARIA DE CONTROLE EXTERNO DO AMAPA,,
30025,030025 - SECRETARIA DE CONTROLE EXTERNO EM RONDONIA,,
30026,030026 - SECRETARIA DE CONTROLE EXTERNO NO ACRE,,
30027,030027 - SEC.DE CONT.EXTERNO NO ESTADO DE RORAIMA,,
30030,030030 - BIRD - DOAÇÃO APERF.AUDITORIA DEM.FINANCEIRAS,,
30203,030203 - INSTITUTO SERZEDELLO CORREA - ISC/TCU,,
40001,040001 - SUPREMO TRIBUNAL FEDERAL,,
40003,040003 - CONSELHO NACIONAL DE JUSTICA,,
50001,050001 - SECRETARIA DO SUPERIOR TRIBUNAL DE JUSTICA,,
50002,050002 - ESCOLA NACIONAL DE FOR E APERF DE MAGISTRADOS,,
60001,060001 - SUPERIOR TRIBUNAL MILITAR,,
60002,060002 - AUDITORIA DA 8A. CJM,,
60003,060003 - AUDITORIA DA 10A. CJM,,
60004,060004 - AUDITORIA DA 7A. CJM,,
60005,060005 - AUDITORIA DA 6A. CJM,,
60006,060006 - AUDITORIA DA 4A. CJM,,
60007,060007 - AUDITORIA DA 9A. CJM,,
60017,060017 - AUDITORIA DA 5A. CJM,,
60018,060018 - 1A. AUDITORIA DA 3A. CJM,,
60019,060019 - 2A. AUDITORIA DA 3A. CJM,,
60020,060020 - 3A. AUDITORIA DA 3A. CJM,,
60021,060021 - AUDITORIA DA 12A. CJM,,
60025,060025 - STM/SETORIAL DE ORCAMENTO E PROG.FINANCEIRA,,
60028,060028 - DIRETORIA DO FORO - 1A CJM,,
60029,060029 - DIRETORIA DO FORO - 2A. CJM,,
60030,060030 - DIRETORIA DO FORO DA 11A CJM,,
70001,070001 - SECRETARIA DE ADMINISTRACAO - TSE,,
70002,070002 - TRIBUNAL REGIONAL ELEITORAL DO ACRE,,
70003,070003 - TRIBUNAL REGIONAL ELEITORAL DO AMAZONAS,,
70004,070004 - TRIBUNAL REGIONAL ELEITORAL DO PARA,,
70005,070005 - TRIBUNAL REGIONAL ELEITORAL DO MARANHAO,,
70006,070006 - TRIBUNAL REGIONAL ELEITORAL DO PIAUI,,
70007,070007 - TRIBUNAL REGIONAL ELEITORAL DO CEARA,,
70008,070008 - TRIBUNAL REGIONAL ELEITORAL DO RIO G.DO NORTE,,
70009,070009 - TRIBUNAL REGIONAL ELEITORAL DA PARAIBA,,
70010,070010 - TRIBUNAL REGIONAL ELEITORAL DE PERNAMBUCO,,
70011,070011 - TRIBUNAL REGIONAL ELEITORAL DE ALAGOAS,,
70012,070012 - TRIBUNAL REGIONAL ELEITORAL DE SERGIPE,,
70013,070013 - TRIBUNAL REGIONAL ELEITORAL DA BAHIA,,
70014,070014 - TRIBUNAL REGIONAL ELEITORAL DE MINAS GERAIS,,
70015,070015 - TRIBUNAL REGIONAL ELEITORAL DO ESPIRITO SANTO,,
70016,070016 - TRIBUNAL REGIONAL ELEITORAL DE MATO G.DO SUL,,
70017,070017 - TRIBUNAL REGIONAL ELEITORAL DO RIO DE JANEIRO,,
70018,070018 - TRIBUNAL REGIONAL ELEITORAL DE SAO PAULO,,
70019,070019 - TRIBUNAL REGIONAL ELEITORAL DO PARANA,,
70020,070020 - TRIBUNAL REGIONAL ELEITORAL DE SANTA CATARINA,,
70021,070021 - TRIBUNAL REGIONAL ELEITORAL DO RIO G.DO SUL,,
70022,070022 - TRIBUNAL REGIONAL ELEITORAL DE MATO GROSSO,,
70023,070023 - TRIBUNAL REGIONAL ELEITORAL DE GOIAS,,
70024,070024 - TRIBUNAL REGIONAL ELEITORAL DE RONDONIA,,
70025,070025 - TRIBUNAL REGIONAL ELEITORAL DO D. FEDERAL,,
70026,070026 - SECRETARIA DE ORCAMENTO E FINANCAS - TSE,,
70027,070027 - TRIBUNAL REGIONAL ELEITORAL DE TOCANTINS,,
70028,070028 - TRIBUNAL REGIONAL ELEITORAL DE RORAIMA,,
70029,070029 - TRIBUNAL REGIONAL ELEITORAL DO AMAPA,,
70058,070058 - ECRETARIA DE ADMINISTRACAO - TSE - FUNDO,,
80001,080001 - TRIBUNAL SUPERIOR DO TRABALHO,,
80002,080002 - TRIBUNAL REGIONAL DO TRABALHO DA 11A.REGIAO,,
80003,080003 - TRIBUNAL REGIONAL DO TRABALHO DA 8A.REGIAO,,
80004,080004 - TRIBUNAL REGIONAL DO TRABALHO DA 7A.REGIAO,,
80005,080005 - TRIBUNAL REGIONAL DO TRABALHO DA 13A.REGIAO,,
80006,080006 - TRIBUNAL REGIONAL DO TRABALHO DA 6A.REGIAO,,
80007,080007 - TRIBUNAL REGIONAL DO TRABALHO DA 5A.REGIAO,,
80008,080008 - TRIBUNAL REGIONAL DO TRABALHO DA 3A.REGIAO,,
80009,080009 - TRIBUNAL REGIONAL DO TRABALHO DA 1A.REGIAO,,
80010,080010 - TRIBUNAL REGIONAL DO TRABALHO DA 2A.REGIAO,,
80011,080011 - TRIBUNAL REGIONAL DO TRABALHO DA 15A.REGIAO,,
80012,080012 - TRIBUNAL REGIONAL DO TRABALHO DA 9A.REGIAO,,
80013,080013 - TRIBUNAL REGIONAL DO TRABALHO DA 12A.REGIAO,,
80014,080014 - TRIBUNAL REGIONAL DO TRABALHO DA 4A.REGIAO,,
80015,080015 - TRIBUNAL REGIONAL DO TRABALHO DA 14A.REGIAO,,
80016,080016 - TRIBUNAL REGIONAL DO TRABALHO DA 10A.REGIAO,,
80017,080017 - SETORIAL ORC. FIN. DA JUSTICA DO TRABALHO,,
80018,080018 - TRIBUNAL REGIONAL DO TRABALHO DA 16A.REGIAO,,
80019,080019 - TRIBUNAL REGIONAL DO TRABALHO DA 17A.REGIAO,,
80020,080020 - TRIBUNAL REGIONAL DO TRABALHO DA 18A.REGIAO,,
80021,080021 - TRIBUNAL REGIONAL DO TRABALHO DA 21A.REGIAO,,
80022,080022 - TRIBUNAL REGIONAL DO TRABALHO DA 19A.REGIAO,,
80023,080023 - TRIBUNAL REGIONAL DO TRABALHO DA 20A.REGIAO,,
80024,080024 - TRIBUNAL REGIONAL DO TRABALHO DA 22A.REGIAO,,
80025,080025 - TRIBUNAL REGIONAL DO TRABALHO DA 23A.REGIAO,,
80026,080026 - TRIBUNAL REGIONAL DO TRABALHO DA 24A.REGIAO,,
90001,090001 - CONSELHO DA JUSTICA FEDERAL,,
90002,090002 - JUSTICA FEDERAL DE PRIMEIRO GRAU - AM,,
90003,090003 - JUSTICA FEDERAL DE PRIMEIRO GRAU - PA,,
90004,090004 - JUSTICA FEDERAL DE PRIMEIRO GRAU - MA,,
90005,090005 - JUSTICA FEDERAL DE PRIMEIRO GRAU - PI,,
90006,090006 - JUSTICA FEDERAL DE PRIMEIRO GRAU - CE,,
90007,090007 - JUSTICA FEDERAL DE PRIMEIRO GRAU - RN,,
90008,090008 - JUSTICA FEDERAL DE PRIMEIRO GRAU - PB,,
90009,090009 - JUSTICA FEDERAL DE PRIMEIRO GRAU - PE,,
90010,090010 - JUSTICA FEDERAL DE PRIMEIRO GRAU - AL,,
90011,090011 - JUSTICA FEDERAL DE PRIMEIRO GRAU - SE,,
90012,090012 - JUSTICA FEDERAL DE PRIMEIRO GRAU - BA,,
90013,090013 - JUSTICA FEDERAL DE PRIMEIRO GRAU - MG,,
90014,090014 - JUSTICA FEDERAL DE PRIMEIRO GRAU - ES,,
90015,090015 - JUSTICA FEDERAL DE PRIMEIRO GRAU - MS,,
90016,090016 - JUSTICA FEDERAL DE PRIMEIRO GRAU - RJ,,
90017,090017 - JUSTICA FEDERAL DE PRIMEIRO GRAU - SP,,
90018,090018 - JUSTICA FEDERAL DE PRIMEIRO GRAU - PR,,
90019,090019 - JUSTICA FEDERAL DE PRIMEIRO GRAU - SC,,
90020,090020 - JUSTICA FEDERAL DE PRIMEIRO GRAU - RS,,
90021,090021 - JUSTICA FEDERAL DE PRIMEIRO GRAU - MT,,
90022,090022 - JUSTICA FEDERAL DE PRIMEIRO GRAU - GO,,
90023,090023 - JUSTICA FEDERAL DE PRIMEIRO GRAU - DF,,
90024,090024 - JUSTICA FEDERAL DE PRIMEIRO GRAU - AC,,
90025,090025 - JUSTICA FEDERAL DE PRIMEIRO GRAU - RO,,
90026,090026 - SECRETARIA DO CONSELHO DA JUSTICA FEDERAL,,
90027,090027 - SECRETARIA DO T.R.F. DA 1A. REGIAO,,
90028,090028 - TRIBUNAL REGIONAL FEDERAL DA 2A. REGIAO,,
90029,090029 - TRIBUNAL REGIONAL FEDERAL DA 3A.REGIAO,,
90030,090030 - TRIBUNAL REGIONAL FEDERAL DA 4A.REGIAO,,
90031,090031 - TRIBUNAL REGIONAL FEDERAL DA 5A.REGIAO,,
90032,090032 - SECRETARIA DO T.R.F.DA 1A.REGIAO-ORCAMENTARIA,,
90033,090033 - TRIBUNAL REGIONAL FEDERAL DA 4A.REGIAO-ORCAM.,,
90034,090034 - TRIBUNAL REGIONAL FEDERAL DA 2A.REGIAO-ORCAM.,,
90035,090035 - TRIBUNAL REGIONAL FEDERAL DA 3A.REGIAO-ORCAM.,,
90036,090036 - TRIBUNAL REGIONAL FEDERAL DA 5A.REGIAO-ORCAM.,,
90037,090037 - JUSTICA FEDERAL DE PRIMEIRO GRAU - AP,,
90038,090038 - JUSTICA FEDERAL DE PRIMEIRO GRAU - TO,,
90039,090039 - JUSTICA FEDERAL DE PRIMEIRO GRAU - RR,,
90047,090047 - TRIBUNAL REGIONAL FEDERAL DA 3A.REGIAO-PR.RPV,,
90048,090048 - TRIBUNAL REGIONAL FEDERAL DA 2A. REG.-PR. RPV,,
90049,090049 - TRIBUNAL REGIONAL FEDERAL DA 1A.REG.-PREC.RPV,,
90051,090051 - TRIBUNAL REGIONAL FEDERAL 4ª REGIAO-PREC/RPVS,,
100001,100001 - TRIB.DE JUSTICA DO D.F. E DOS  TERRITORIOS,,
100009,100009 - VARA DA INFANCIA E DA JUVENTUDE DO D.F.,,
110001,110001 - SECRETARIA DE ADMINISTRACAO/PR,,
110005,110005 - SECRETARIA DE ADMINISTRACAO/PR-SET.ORC.E FIN.,,
110008,110008 - SECRETARIA EXECUTIVA-MPA,,
110060,110060 - COORDENACAO-GERAL DE ORC.E FINANCAS/SG/AGU,,
110062,110062 - DIRETORIA DE GESTÃO DE PESSOAS-DGEP/SGA/AGU,,
110096,110096 - SUPERINTENDENCIA ADMINISTRACAO EM PERNAMBUCO,,
110097,110097 - SUPERINTENDENCIA ADMINISTRACAO NO RIO G. SUL,,
110099,110099 - SUPERINTENDENCIA ADMINISTRACAO EM SAO PAULO,,
110101,110101 - GABINETE DA VICE-PRESIDENCIA DA REPUBLICA,,
110102,110102 - SUPERINTENDENCIA ADMINISTRACAO RIO DE JANEIRO,,
110120,110120 - AGENCIA BRASILEIRA DE INTELIGENCIA,,
110156,110156 - ESCOLA DA ADVOCACIA-GERAL DA UNIAO,,
110161,110161 - SUPERINTENDENCIA DE ADM. NO DISTRITO FEDERAL,,
110174,110174 - DIRETORIA DE GESTAO INTERNA/SE/CGU,,
110175,110175 - COORD.-GERAL DE RECURSOS HUMANOS/DGI/SE/CGU,,
110176,110176 - COORD.-GERAL DE REC. LOGISTICOS/DGI/SE/CGU,,
110235,110235 - SECRETARIA NACIONAL DE JUVENTUDE,,
110244,110244 - FUNDO NACIONAL PARA A CRIANCA E O ADOLESCENTE,,
110245,110245 - FUNDO DE IMPRENSA NACIONAL/EXEC.ORC.FINANC.,,
110247,110247 - FUNDO DE IMPRENSA NACIONAL/COORD. REC. HUMAN.,,
110285,110285 - SEC. ADM/PR - REC EXT,,
110309,110309 - SECRETARIA DE PORTOS/PR,,
110319,110319 - SECRETARIA DE COMUNICACAO SOCIAL/PR,,
110322,110322 - GAB. DE SEG. INSTIT. DA PRES. DA REPUBLICA,,
110323,110323 - SECRETARIA DE PORTOS - OBRAS,,
110352,110352 - SECRETARIA GERAL/PR,,
110355,110355 - SECRETARIA DE ASSUNTOS ESTRATEGICOS-SAE/PR,,
110382,110382 - SECRETARIA DO CONS.DE DESENV.ECON.E SOCIAL,,
110402,110402 - ESCOLA SUPERIOR DE GUERRA,,
110404,110404 - DEPARTAMENTO DE ADMINISTRACAO INTERNA-MD,,
110406,110406 - REPRESENT.DO BRASIL NA JUNTA INTERAM.DEFESA,,
110407,"110407 - DEPARTAMENTO DE PLANEJ, ORÇAMENTO E FINANÇAS",,
110511,110511 - CENTRO GESTOR OP. SISTEMA PROTECAO AMAZONIA,,
110562,110562 - SUBCHEFIA DE ASSUNTOS FEDERATIVOS/SRI/PR,,
110563,110563 - SECRETARIA DE RELAÇOES INSTITUCIONAIS-SRI/PR,,
110574,110574 - SECRETARIA DE IMPRENSA/SECOM/PR,,
110576,110576 - SPCI/ODP/RECURSOS EXTERNOS,,
110581,110581 - DIVISAO DE DIARIAS E PASSAGENS DA AGU,,
110590,110590 - SECRETARIA DE AVIAÇÃO CIVIL/PR,,
110591,110591 - FUNDO NACIONAL DE AVIAÇÃO CIVIL,,
110594,110594 - DEPARTAMENTO DO PROGRAMA CALHA NORTE,,
110595,110595 - FUNDO SOCIAL/FS,,
110614,110614 - SECRETARIA DE POLITICAS PARA MULHERES-REC.EXT,,
110619,110619 - PROG. FORTALEC. DA CAP. INST.P/ GES/REGULACAO,,
110620,110620 - COMISSÃO NACIONAL DA VERDADE/CNV,,
110629,110629 - PROG.FORTAL.PREV.COMB.CORRUP.GEST.PUBL.BRASIL,,
110680,110680 - SECRETARIA DE PORTOS/PR,,
110681,110681 - SECRETARIA DE PORTOS - OBRAS,,
110999,110999 - DEORF - DIFERENCA CAMBIAL,,
111415,111415 - FUNDO DO MINISTERIO DA DEFESA,,
112408,112408 - HOSPITAL DAS FORCAS ARMADAS,,
113201,113201 - COMISSAO NACIONAL DE ENERGIA NUCLEAR-SEDE,,
113202,113202 - COMISSAO NACIONAL DE ENERGIA NUCLEAR-IPEN,,
113203,113203 - COMISSAO NACIONAL DE ENERGIA NUCLEAR-IEN,,
113204,113204 - COMISSÃO NACIONAL DE ENERGIA NUCLEAR-IRD,,
113205,113205 - COMISSAO NACIONAL DE ENERGIA NUCLEAR-CDTN,,
113206,113206 - INDUSTRIAS NUCLEARES DO BRASIL S/A - INB,,
113207,113207 - COMISSAO NACIONAL DE ENERGIA NUCLEAR-CRCN-CO,,
113208,113208 - NUCLEBRAS EQUIPAMENTOS PESADOS S/A,,
113209,113209 - CNEN-ORÇAMENTO E FINANÇAS,,
113210,113210 - COMISSÃO NACIONAL DE ENERGIA NUCLEAR-LAPOC,,
113211,113211 - COMISSAO NACIONAL DE ENERGIA NUCLEAR-CRCN-NE,,
113214,113214 - AGENCIA NACIONAL DE AVIACAO CIVIL,,
113215,113215 - FUNDO AEROVIÁRIO - ANAC,,
113216,113216 - REPRESENTAÇÃO REGIONAL RIO DE JANEIRO - ANAC,,
113217,113217 - REPRESENTAÇÃO REGIONAL SÃO PAULO_- ANAC,,
113218,113218 - NÚCLEO REG. DE AVIAÇÃO CIVIL DE RECIFE,,
113243,113243 - SUPERINT. INFRAESTRUTURA AEROPORTUÁRIA - ANAC,,
113245,113245 - SUPERINTENDÊNCIA DE GESTÃO DE PESSOAS - ANAC,,
113413,113413 - FUNDO DO SERVICO MILITAR,,
113601,113601 - INSTITUTO DE PESQUISA ECONOMICA APLICADA,,
113602,113602 - INSTITUTO DE PESQUISA ECONOMICA APLICADA,,
113605,113605 - CONTRATO DE EMPRÉSTIMO BID-1841/OC-BR,,
113801,113801 - DNOCS - CEST/PE - RECIFE-PE,,
113802,113802 - DEPARTAMENTO NAC. DE OBRAS CONTRA AS SECAS/UO,,
114601,114601 - FUNDACAO IBGE-ADMINISTRACAO CENTRAL/RJ,,
114602,114602 - UNIDADE ESTADUAL DO IBGE EM RONDONIA,,
114603,114603 - UNIDADE ESTADUAL DO IBGE NO ACRE,,
114604,114604 - UNIDADE ESTADUAL DO IBGE NO AMAZONAS,,
114605,114605 - UNIDADE ESTADUAL DO IBGE EM RORAIMA,,
114606,114606 - UNIDADE ESTADUAL DO IBGE NO PARA,,
114607,114607 - UNIDADE ESTADUAL DO IBGE NO AMAPA,,
114608,114608 - UNIDADE ESTADUAL DO IBGE NO MARANHÃO,,
114609,114609 - UNIDADE ESTADUAL DO IBGE NO PIAUI,,
114610,114610 - UNIDADE ESTADUAL DO IBGE NO CEARA,,
114612,114612 - UNIDADE ESTADUAL DO IBGE NO RIO G. NORTE,,
114613,114613 - UNIDADE ESTADUAL DO IBGE NA PARAIBA,,
114614,114614 - UNIDADE ESTADUAL DO IBGE EM PERNAMBUCO,,
114615,114615 - UNIDADE ESTADUAL DO IBGE EM ALAGOAS,,
114616,114616 - UNIDADE ESTADUAL DO IBGE EM SERGIPE,,
114617,114617 - UNIDADE ESTADUAL DO IBGE NA BAHIA,,
114618,114618 - UNIDADE ESTADUAL DO IBGE EM MINAS GERAIS,,
114619,114619 - UNIDADE ESTADUAL DO IBGE NO ESPIRITO SANTO,,
114620,114620 - UNIDADE ESTADUAL DO IBGE NO MATO GROSSO SUL,,
114621,114621 - COORDENACAO DE RECURSOS DE MATERIAIS,,
114622,114622 - UNIDADE ESTADUAL DO IBGE EM SAO PAULO,,
114623,114623 - UNIDADE ESTADUAL DO IBGE NO PARANA,,
114624,114624 - UNIDADE ESTADUAL DO IBGE EM SANTA CATARINA,,
114625,114625 - UNIDADE ESTADUAL DO IBGE NO RIO GRANDE DO SUL,,
114626,114626 - UNIDADE ESTADUAL DO IBGE NO MATO GROSSO,,
114627,114627 - UNIDADE ESTADUAL DO IBGE EM GOIAS,,
114629,114629 - UNIDADE ESTADUAL DO IBGE NO DISTRITO FEDERAL,,
114631,114631 - UNIDADE ESTADUAL DO IBGE NO RIO DE JANEIRO,,
114634,114634 - DIRETORIA DE INFORMATICA/IBGE,,
114635,114635 - DIRETORIA DE PESQUISA/IBGE,,
114636,114636 - DIRETORIA DE GEOCIENCIAS/IBGE,,
114637,114637 - CENTRO DOC. E DISSEMINACAO DA INFORMACAO/IBGE,,
114639,114639 - UNIDADE ESTADUAL DO IBGE EM TOCANTINS,,
114702,114702 - FUNDACAO ESCOLA NACIONAL DE ADM. PUBLICA,,
115406,115406 - EMPRESA BRASIL DE COMUNICACAO S.A,,
120001,120001 - GABINETE DO COMANDANTE DA AERONAUTICA,,
120002,120002 - SECRETARIA DE ECON. E FINANCAS DA AERONAUTICA,,
120003,120003 - VI COMANDO AEREO REGIONAL,,
120004,120004 - BASE AEREA DE BRASILIA,,
120005,120005 - PREFEITURA DE AERONAUTICA DE BRASILIA,,
120006,120006 - GRUPAMENTO DE APOIO DE BRASILIA,,
120008,120008 - PRIMEIRO CENTRO INT.DEF.AEREA CONTR.TFG.AEREO,,
120013,120013 - CENTRO DE LANCAMENTO DE ALCANTARA,,
120014,120014 - BASE AEREA DE FORTALEZA,,
120015,120015 - CENTRO DE LANCAMENTO DA BARREIRA DO INFERNO,,
120016,120016 - GRUPAMENTO DE INFRA-EST E APOIO DE S J CAMPOS,,
120017,120017 - II COMANDO AEREO REGIONAL,,
120018,120018 - BASE AEREA DE RECIFE,,
120019,120019 - HOSPITAL DE AERONAUTICA DE RECIFE,,
120020,120020 - PARQUE DE MATERIAL AERONAUTICO DE RECIFE,,
120021,120021 - TERCEIRO CENTRO INT.DEF.AEREA CONTR.TFG.AEREO,,
120023,120023 - BASE AEREA DE SALVADOR,,
120024,120024 - CENTRO DE INSTR. E ADAPTACAO DA AERONAUTICA,,
120025,120025 - ESCOLA PREPARATORIA DE CADETES DO AR,,
120026,120026 - PARQUE MATERIAL AERONAUTICO DE LAGOA SANTA,,
120027,120027 - BASE AEREA DE CAMPO GRANDE,,
120028,120028 - III COMANDO AEREO REGIONAL,,
120029,120029 - BASE AEREA DOS AFONSOS,,
120030,120030 - BASE AEREA DO GALEAO,,
120031,120031 - BASE AEREA DE SANTA CRUZ,,
120034,120034 - DEPOSITO CENTRAL INTENDENCIA,,
120035,120035 - CENTRO DE TRANSPORTE LOGÍSTICO DA AERONÁUTICA,,
120036,120036 - DEPARTAMENTO DE CONTROLE DO ESPACO AEREO,,
120038,120038 - DIRETORIA DE MATERIAL AERONAUTICO E BELICO,,
120039,120039 - GRUPAMENTO DE APOIO DO RIO DE JANEIRO,,
120040,120040 - HOSPITAL CENTRAL AERONAUTICA,,
120041,120041 - HOSPITAL DE AERONAUTICA DOS AFONSOS,,
120042,120042 - HOSPITAL DE FORCA AEREA DO GALEAO,,
120043,120043 - LABORATORIO QUIMICO-FARMACEUTICO DA AERONAUT.,,
120044,120044 - PAGADORIA DE INATIVOS E PENSIONISTAS DA AER.,,
120045,120045 - PREFEITURA DE AERONAUTICA DO GALEAO,,
120046,120046 - PARQUE DE MATERIAL AERONAUTICO DOS AFONSOS,,
120047,120047 - PARQUE DE MATERIAL BELICO DA AERONAUTICA,,
120048,120048 - PARQUE DE MAT. DE ELETRONICA DA AERONAUTICA,,
120049,120049 - PARQUE DE MATERIAL AERONAUTICO DO GALEAO,,
120052,120052 - SUBDIRETORIA DE PAGAMENTO DE PESSOAL/PAIS,,
120053,120053 - PREFEITURA DE AERONAUTICA DOS AFONSOS,,
120054,120054 - UNIVERSIDADE DA FORCA AEREA,,
120057,120057 - CASA GERONTOLOGICA DA AER. BRIG.EDUARDO GOMES,,
120059,120059 - IV COMANDO AEREO REGIONAL,,
120060,120060 - ACADEMIA DA FORCA AEREA,,
120062,120062 - BASE AEREA DE SAO PAULO,,
120064,120064 - ESCOLA DE ESPECIALISTAS DE AERONAUTICA,,
120065,120065 - FAZENDA DE AERONAUTICA DE PIRASSUNUNGA,,
120066,120066 - NÚCLEO DO HOSPITAL DE AERONÁUTICA DE SÃO PAUL,,
120067,120067 - INSTITUTO DE CONTROLE DO ESPACO AEREO,,
120068,120068 - PARQUE DE MATERIAL AERONAUTICO DE SAO PAULO,,
120069,120069 - SERVICO REGIONAL DE PROTECAO AO VOO SAO PAULO,,
120071,120071 - CENTRO LOGISTICO DA AERONAUTICA,,
120072,120072 - SEGUNDO CENTRO INT.DEF.AEREA CONTR.TFG.AEREO,,
120073,120073 - BASE AEREA DE FLORIANOPOLIS,,
120074,120074 - V COMANDO AEREO REGIONAL,,
120075,120075 - BASE AEREA DE CANOAS,,
120076,120076 - BASE AEREA DE SANTA MARIA,,
120080,120080 - BASE AEREA DE ANAPOLIS,,
120081,120081 - BASE AEREA DE PORTO VELHO,,
120082,120082 - BASE AEREA DE MANAUS,,
120083,120083 - VII COMANDO AEREO REGIONAL,,
120085,120085 - BASE AEREA DE  BOA VISTA,,
120086,120086 - I COMANDO AEREO REGIONAL,,
120087,120087 - BASE AEREA DE BELEM,,
120088,120088 - COMISSAO DE AEROPORTOS DA REGIAO AMAZONICA,,
120090,120090 - COMISSAO AERONAUTICA BRASILEIRA EM WASHINGTON,,
120091,120091 - COMISSAO AERONAUTICA BRASILEIRA NA EUROPA,,
120093,120093 - SUBDIRETORIA DE PAGAMENTO DE PESSOAL/EXTERIOR,,
120094,120094 - QUARTO CENTRO INT. DEF. AEREA CONTR.TFG.AEREO,,
120096,120096 - HOSPITAL DE FORCA AEREA DE BRASILIA,,
120097,120097 - PREFEITURA DE AERONAUTICA DE SAO PAULO,,
120100,120100 - SUBDIRETORIA DE ABASTECIMENTO,,
120101,120101 - BASE AEREA DE NATAL,,
120127,120127 - COMISSAO DE IMPLANT.DO SIST.DE CONTR.DO E AER,,
120195,120195 - GRUPAMENTO DE APOIO LOGÍSTICO,,
120196,120196 - GRUPAMENTO DE APOIO DA SAÚDE,,
120999,120999 - MAER - DIFERENCA CAMBIAL,,
121002,121002 - SECRETARIA DE ECON. E FIN.DA AER.- F.AER.,,
123001,123001 - CAIXA DE FINANCIAMENTO IMOBIL. DA AERONAUTICA,,
130001,130001 - GABINETE DO MINISTRO/MAPA,,
130005,130005 - COORD.-GERAL DE EXECUCAO FINANCEIRA/SPOA/MAPA,,
130007,130007 - SECRETARIA DE DEFESA AGROPECUARIA/MAPA,,
130010,130010 - COMISSAO EXEC.DO PLANO DA LAV.CACAUEIRA/DF,,
130011,130011 - INSTITUTO NACIONAL DE METEOROLOGIA,,
130014,"130014 - SUPERINT.FED.DE AGRIC.,PEC.E ABASTECIMENTO/DF",,
130016,130016 - LABORATORIO NACIONAL AGROPECUARIO/PE,,
130017,130017 - LABORATORIO NACIONAL AGROPECUARIO NO PARA,,
130018,"130018 - SUPERINT.FED.DE AGRIC.,PEC.E ABASTECIMENTO/TO",,
130020,130020 - SECRETARIA DE RELACOES INTERN.DO AGRONEGOCIO,,
130021,"130021 - SUPERINT.FED.DE AGRIC.,PEC.E ABASTECIMENTO/PI",,
130022,"130022 - SUPERINT.FED.DE AGRIC.,PEC.E ABASTECIMENTO/CE",,
130023,"130023 - SUPERINT.FED.DE AGRIC.,PEC.E ABASTECIMENTO/RN",,
130024,"130024 - SUPERINT.FED.DE AGRIC.,PEC.E ABASTECIMENTO/PB",,
130025,"130025 - SUPERINT.FED.DE AGRIC.,PEC.E ABASTECIMENTO/PE",,
130026,130026 - DISTRITO DE METEOROLOGIA DE RECIFE,,
130027,"130027 - SUPERINT.FED.DE AGRIC.,PEC.E ABASTECIMENTO/AL",,
130028,"130028 - SUPERINT.FED.DE AGRIC.,PEC.E ABASTECIMENTO/SE",,
130029,"130029 - SUPERINT.FED.DE AGRIC.,PEC.E ABASTECIMENTO/BA",,
130030,130030 - DISTRITO DE METEOROLOGIA DE SALVADOR,,
130031,130031 - COMISSAO EXEC.DO PLANO DA LAV.CACAUEIRA/PA,,
130032,130032 - LABORATORIO NACIONAL AGROPECUARIO EM GOIAS,,
130056,"130056 - SUPERINT.FED.DE AGRIC.,PEC.E ABASTECIMENTO/MG",,
130057,130057 - DISTRITO DE METEOROLOGIA DE B.HORIZONTE,,
130058,130058 - LABORATORIO NACIONAL AGROPECUARIO/MG,,
130060,"130060 - SUPERINT.FED.DE AGRIC.,PEC.E ABASTECIMENTO/ES",,
130062,"130062 - SUPERINT.FED.DE AGRIC.,PEC.E ABASTECIMENTO/MS",,
130063,"130063 - SUPERINT.FED.DE AGRIC.,PEC.E ABASTECIMENTO/RJ",,
130064,130064 - DISTRITO DE METEOROLOGIA DO R.DE JANEIRO,,
130067,"130067 - SUPERINT.FED.DE AGRIC.,PEC.E ABASTECIMENTO/SP",,
130068,130068 - DISTRITO DE METEOROLOGIA DE SAO PAULO,,
130069,"130069 - SUPERINT.FED.DE AGRIC.,PEC.E ABASTECIMENTO/MA",,
130070,"130070 - SUPERINT.FED.DE AGRIC.,PEC.E ABASTECIMENTO/PR",,
130072,"130072 - SUPERINT.FED.DE AGRIC.,PEC.E ABASTECIMENTO/SC",,
130074,"130074 - SUPERINT.FED.DE AGRIC.,PEC.E ABASTECIMENTO/RS",,
130075,130075 - DISTRITO DE METEOROLOGIA DE PORTO ALEGRE,,
130077,"130077 - SUPERINT.FED.DE AGRIC.,PEC.E ABASTECIMENTO/MT",,
130078,130078 - DISTRITO DE METEOROLOGIA DE CUIABA,,
130080,"130080 - SUPERINT.FED.DE AGRIC.,PEC.E ABASTECIMENTO/GO",,
130081,130081 - DISTRITO DE METEOROLOGIA DE GOIANIA,,
130083,"130083 - SUPERINT.FED.DE AGRIC.,PEC.E ABASTECIMENTO/RO",,
130088,"130088 - SUPERINT.FED.DE AGRIC.,PEC.E ABASTECIMENTO/AC",,
130090,"130090 - SUPERINT.FED.DE AGRIC.,PEC.E ABASTECIMENTO/AM",,
130091,130091 - DISTRITO DE METEOROLOGIA DE MANAUS,,
130093,"130093 - SUPERINT.FED.DE AGRIC.,PEC.E ABASTECIMENTO/RR",,
130094,"130094 - SUPERINT.FED.DE AGRIC.,PEC.E ABASTECIMENTO/PA",,
130095,130095 - DISTRITO DE METEOROLOGIA DE BELEM,,
130100,"130100 - SUPERINT.FED.DE AGRIC.,PEC.E ABASTECIMENTO/AP",,
130101,130101 - COORDENACAO-GERAL DE ORCAMENT.E FINANCAS/MAPA,,
130102,130102 - LABORATORIO NACIONAL AGROPECUARIO/SP,,
130103,130103 - LABORATORIO NACIONAL AGROPECUARIO/RS,,
130122,130122 - COMISSAO EXEC.DO PLANO DA LAV.CACAUEIRA/BA-AD,,
130125,130125 - COMISSAO EXEC.DO PLANO DA LAV.CACAUEIRA/ES,,
130126,130126 - COMISSAO EXEC.DO PLANO DA LAV.CACAUEIRA/PA,,
130127,130127 - COMISSAO EXEC.DO PLANO DA LAV.CACAUEIRA/AM,,
130128,130128 - COMISSAO EXEC.DO PLANO DA LAV.CACAUEIRA/RO,,
130129,130129 - COMISSAO EXEC.DO PLANO DA LAV.CACAUEIRA/MT,,
130132,130132 - COMISSAO EXEC.DO PLANO DA LAV.CACAUEIRA/BA,,
130133,130133 - COMISSAO EXEC.DO PLANO DA LAV.CACAUEIRA/BA,,
130134,130134 - COMISSAO EXEC.DO PLANO DA LAV.CACAUEIRA/PA,,
130135,130135 - COMISSAO EXEC.DO PLANO DA LAV.CACAUEIRA/PA,,
130136,130136 - COMISSAO EXEC.DO PLANO DA LAV.CACAUEIRA/PA,,
130137,130137 - SECRETARIA DE PROD.E AGROENERGIA/MAPA/FUNCAFE,,
130140,130140 - COORD.-GERAL DE LOGIST. E SERV.GERAIS/FUNCAFE,,
130160,130160 - SUPERINT.FED.DE AGRIC.PEC.E ABAST/FUNCAFE/MG,,
130163,"130163 - SUPERINT.FED. DE AGRIC., PEC.E ABAST./FUNCAFE",,
130167,130167 - SUPERINT.FED.DE AGRIC.PEC.E ABAST/FUNCAFE/SP,,
130170,130170 - SUPERINT.FED.DE AGRIC.PEC.E ABAST/FUNCAFE/PR,,
133003,133003 - SUPERINT. NAC.REGULARIZ. FUND. AMAZONIA LEGAL,,
133005,133005 - UNIDADE AVANCADA DE COLIDER,,
133007,133007 - UNIDADE AVANCADA CONJUNTO PEIXOTO DE AZEVEDO,,
133080,133080 - SUPERINTENDENCIA REG.DO SUL DO PARA-SR/27-E,,
133081,133081 - UNIDADE AVANCADA DE TUCURUI,,
133082,133082 - UNIDADE AVANCADA DE SAO GERALDO DO ARAGUAIA,,
133083,133083 - UNIDADE AVANCADA DE CONCEICAO DO ARAGUAIA,,
133084,133084 - PROJETO FUNDIARIO ARAGUAINA,,
133085,133085 - PROJETO FUNDIARIO IMPERATRIZ,,
133086,133086 - PROJETO FUNDIARIO ACAILANDIA,,
133087,133087 - CREDITO INSTALACAO - INCRA/MDA,,
133088,133088 - SUPERINT. REG. DO DISTRITO FEDERAL E ENTORNO,,
135000,135000 - UA/RUSSAS,,
135001,135001 - EMBRAPA/CPAF-RONDONIA,,
135002,135002 - EMBRAPA/CPAF-ACRE,,
135003,135003 - MINISTERIO DO DESENVOLVIMENTO AGRARIO - CEF,,
135004,135004 - EMBRAPA/AGROENERGIA,,
135005,135005 - EMBRAPA/CPAF-RORAIMA,,
135006,135006 - EMBRAPA/CPATU,,
135007,135007 - EMBRAPA/CNPASA,,
135008,135008 - EMBRAPA/CPAF-AMAPA,,
135009,135009 - EMBRAPA/CPAMN,,
135010,135010 - EMBRAPA/CNPC,,
135011,135011 - EMBRAPA/CNPA,,
135012,135012 - EMBRAPA/CPATSA,,
135013,135013 - EMBRAPA/CPATC,,
135014,135014 - EMBRAPA/CNPMF,,
135015,135015 - EMBRAPA/CNPGL,,
135016,135016 - EMBRAPA/CNPMS,,
135017,135017 - EMBRAPA/CNPGC,,
135018,135018 - EMBRAPA/CPAP,,
135019,135019 - EMBRAPA/CPAO,,
135020,135020 - EMBRAPA/CTAA,,
135021,135021 - EMBRAPA/CNPS,,
135022,135022 - EMBRAPA/CPAMT,,
135023,135023 - EMBRAPA/CNPAB,,
135024,135024 - EMBRAPA/CPPSE,,
135025,135025 - EMBRAPA/CNPMA,,
135026,135026 - EMBRAPA/CNPDIA,,
135027,135027 - EMBRAPA/CNPTIA,,
135028,135028 - EMBRAPA/CNPF,,
135029,135029 - EMBRAPA/CNPSO,,
135030,135030 - EMBRAPA/CNPSA,,
135031,135031 - EMBRAPA/CPACT,,
135032,135032 - EMBRAPA/CNPT,,
135033,135033 - EMBRAPA/CNPUV,,
135035,135035 - EMBRAPA/CPPSUL,,
135036,135036 - EMBRAPA/CNPAF,,
135037,135037 - EMPRESA BRASILEIRA DE PESQUISA AGROPECUARIA,,
135038,135038 - EMBRAPA/CENARGEN,,
135039,135039 - EMBRAPA/CPAC,,
135040,135040 - EMBRAPA/CNPH,,
135041,135041 - EMBRAPA/SPM,,
135042,135042 - EMBRAPA/UEP/RECIFE,,
135043,135043 - MO/MATO GROSSO,,
135045,135045 - CONAB SEDE SUREG AMAZONAS,,
135046,135046 - EMBRAPA/DAF-CAF,,
135048,135048 - EMBRAPA/CNPAT,,
135049,135049 - EMBRAPA/CPAA,,
135050,135050 - EMBRAPA/CNPM,,
135062,135062 - EMBRAPA/UEP/MT,,
135064,135064 - EMBRAPA/SPM ESCRITORIO CAPAO DO LEAO,,
135065,135065 - EMBRAPA/SPM-ESCRITORIO PASSO FUNDO,,
135066,135066 - EMBRAPA/SPM- ESCRITORIO DE CANOINHAS,,
135067,135067 - EMBRAPA/SPM- ESCRITORIO PONTA GROSSA,,
135068,135068 - EMBRAPA/SPM- ESCRITORIO DE LONDRINA,,
135069,135069 - EMBRAPA/SPM-ESCRITORIO DE CAMPINAS,,
135070,135070 - EMBRAPA/SPM- ESCRITORIO DE DOURADOS,,
135071,135071 - EMBRAPA/SPM - ESCRITORIO DE GOIANIA,,
135072,135072 - EMBRAPA/SPM - ESCRITORIO DE BRASILIA,,
135073,135073 - EMBRAPA/SPM - ESCRITORIO DE SETE LAGOAS,,
135074,135074 - EMBRAPA/SPM - ESCRITORIO DE RONDONOPOLIS,,
135077,135077 - EMBRAPA/SPM - ESCRITORIO DE PETROLINA,,
135078,135078 - EMBRAPA/SPM- ESCRITORIO DE IMPERATRIZ,,
135081,135081 - EMBRAPA/SCT,,
135082,135082 - EMBRAPA/CPACP,,
135084,135084 - EMBRAPA/QUARENTENA VEGETAL,,
135087,135087 - EMBRAPA/SPM - ESCRITORIO DE CAMPINA GRANDE,,
135091,135091 - EMBRAPA/GESTAO TERRITORIAL,,
135093,135093 - EMBRAPA-SPM-ESCRITORIO DA AMAZONIA,,
135096,135096 - EMBRAPA/SPM-ESCRITORIO DO TRIANGULO MINEIRO,,
135097,135097 - EMBRAPA CAFE,,
135098,135098 - CAIXA ECONOMICA FEDERAL/MA,,
135100,135100 - COMPANHIA NACIONAL DE ABASTECIMENTO,,
135101,135101 - CONAB SEDE SUREG BAHIA,,
135103,135103 - UA/ITABERABA,,
135110,135110 - UNID.ESTOQUE ESTRATEGICO/SE,,
135111,135111 - NUCLEO ESTOQUE REGULADOR/SE - PGPM,,
135112,135112 - NUCLEO ESTOQUE REGULADOR/BA - PGPM,,
135113,135113 - UNID.ESTOQUE ESTRATEGICO/BA,,
135114,135114 - UNID.CENT.IRECE,,
135115,135115 - CONAB SEDE SUREG CEARA,,
135116,135116 - UNIDADE ESTOQUE ESTRATEGICO/CE,,
135117,135117 - NUCLEO ESTOQUE REGULADOR/CE - PGPM,,
135118,135118 - UA/MARACANAU,,
135119,135119 - UA/NATAL,,
135130,135130 - UA/JUAZEIRO DO NORTE,,
135131,135131 - UA/SOBRAL,,
135133,135133 - UA/IGUATU,,
135136,135136 - COMPANHIA NAC. DE ABASTECIMENTO - UA/CACOAL,,
135138,135138 - UA/MOSSORO,,
135139,135139 - UNID.ESTOQUE ESTRATEGICO/RN,,
135140,135140 - NUCLEO ESTOQUE REGULADOR/RN - PGPM,,
135141,135141 - CONAB SEDE SUREG GOIAS,,
135142,135142 - UNIDADE ESTOQUE ESTRATEGICO/GO,,
135143,135143 - NUCLEO ESTOQUE REGULADOR/GO,,
135145,135145 - UA/PALMEIRAS DE GOIAS,,
135146,135146 - UA/PARAUNA,,
135147,135147 - UA/PONTALINA,,
135148,135148 - UA/RIO VERDE,,
135149,135149 - UA/S.L.MONTES BELO,,
135152,135152 - UA/SANTA HELENA,,
135153,135153 - UA/BRASILIA,,
135161,135161 - UNIDADE CENTRAL DE ITAPURANGA,,
135167,135167 - UNID.ESTOQUE ESTRATEGICO/DF,,
135168,135168 - NUCLEO ESTOQUE REGULADOR/DF - PGPM,,
135170,135170 - CONAB SEDE SUREG MARANHAO,,
135171,135171 - UNID.ESTOQUE ESTRATEGICO/MA,,
135172,135172 - NUCLEO ESTOQUE REGULADOR/MA - PGPM,,
135173,135173 - UNIDADE ARMAZENADORA DE ITAQUI,,
135174,135174 - UA/IMPERATRIZ,,
135178,135178 - UA/TERESINA,,
135179,135179 - UA/PICOS,,
135180,135180 - UNID.ESTOQUE ESTRATEGICO/PI,,
135181,135181 - NUCLEO ESTOQUE REGULADOR/PI - PGPM,,
135182,135182 - CONAB SEDE SUREG MINAS GERAIS,,
135183,135183 - UNID.ESTOQUE ESTRATEGICO/MG,,
135184,135184 - NUCLEO ESTOQUE REGULADOR/MG - PGPM,,
135185,135185 - UA/UBERABA,,
135186,135186 - UA/UBERLANDIA,,
135187,135187 - UA/PASSA QUATRO,,
135192,135192 - CONAB SEDE SUREG MATO GROSSO DO SUL,,
135193,135193 - NUCLEO ESTOQUE REGULADOR/MS - PGPM,,
135194,135194 - UA/CAMPO GRANDE,,
135195,135195 - UA/DOURADOS,,
135196,135196 - UA/CASSILANDIA,,
135197,135197 - UA/MARACAJU,,
135199,135199 - UA/RIO BRILHANTE,,
135200,135200 - UA/S.GABRIEL D´OESTE,,
135201,135201 - UA/SIDROLANDIA,,
135209,135209 - CONAB SEDE SUREG MATO GROSSO,,
135210,135210 - UNID.ESTOQUE ESTRATEGICO/MT,,
135211,135211 - NUCLEO ESTOQUE REGULADOR/MT - PGPM,,
135215,135215 - UA/DIAMANTINO,,
135216,135216 - UA/RONDONOPOLIS I,,
135217,135217 - UA/FLORIANO,,
135218,135218 - UA/SORRISO,,
135219,135219 - UA/PORTO VELHO,,
135220,135220 - UA/VILHENA,,
135224,135224 - UA/SINOP,,
135227,135227 - UNID.ESTOQUE ESTRATEGICO/RO,,
135228,135228 - NUCLEO ESTOQUE REGULADOR/RO - PGPM,,
135229,135229 - UA/RIO BRANCO,,
135240,135240 - UNID.ESTOQUE ESTRATEGICO/AC,,
135241,135241 - NUCLEO ESTOQUE REGULADOR/AC - PGPM,,
135242,135242 - CONAB SEDE SUREG PARA,,
135243,135243 - UNID.ESTOQUE ESTRATEGICO/PA,,
135244,135244 - NUCLEO ESTOQUE REGULADOR/PA,,
135245,135245 - UA/ANANINDEUA,,
135246,135246 - UA/MANAUS,,
135247,135247 - UNID.ESTOQUE ESTRATEGICO/AM,,
135248,135248 - NUCLEO ESTOQUE REGULADOR/AM - PGPM,,
135265,135265 - CONAB SEDE SUREG PARANA,,
135266,135266 - UNID.ESTOQUE ESTRATEGICO/PR,,
135267,135267 - NUCLEO ESTOQUE REGULADOR/PR - PGPM,,
135268,135268 - UA/CAMBE,,
135270,135270 - UA/PONTA GROSSA I,,
135271,135271 - UA/APUCARANA,,
135276,135276 - UA/HERVAL D´OESTE,,
135278,135278 - UNID.ESTOQUE ESTRATEGICO/SC,,
135279,135279 - NUCLEO ESTOQUE REGULADOR/SC - PGPM,,
135284,135284 - CONAB SEDE SUREG SANTA CATARINA,,
135285,135285 - CONAB SEDE SUREG PERNAMBUCO,,
135286,135286 - UNID.ESTOQUE ESTRATEGICO/PE,,
135287,135287 - NUCLEO ESTOQUE REGULADOR/PE - PGPM,,
135288,135288 - UA/JOAO PESSOA,,
135289,135289 - UA/CAMPINA GRANDE,,
135294,135294 - UA/MACEIO,,
135295,135295 - UNID.ESTOQUE ESTRATEGICO/AL,,
135296,135296 - NUCLEO ESTOQUE REGULADOR/AL - PGPM,,
135298,135298 - UA/ARCOVERDE,,
135300,135300 - UNID.ESTOQUE ESTRATEGICO/PB,,
135301,135301 - NUCLEO ESTOQUE REGULADOR/PB - PGPM,,
135304,135304 - UA/RECIFE,,
135305,135305 - CONAB SEDE SUREG RIO DE JANEIRO,,
135306,135306 - UNID.ESTOQUE ESTRATEGICO/RJ,,
135307,135307 - NUCLEO ESTOQUE REGULADOR/RJ - PGPM,,
135308,135308 - UA/LIRA TAVARES,,
135311,135311 - UNID.ESTOQUE ESTRATEGICO/ES,,
135312,135312 - NUCLEO ESTOQUE REGULADOR/ES - PGPM,,
135315,135315 - CONAB SEDE SUREG RIO GRANDE DO SUL,,
135316,135316 - UNID.ESTOQUE ESTRATEGICO/RS,,
135317,135317 - NUCLEO ESTOQUE REGULADOR/RS - PGPM,,
135318,135318 - UF/AUG.A.LEITAO,,
135319,135319 - AF/PORTO ALEGRE,,
135322,135322 - UA/PORTO ALEGRE,,
135325,135325 - CONAB - SEDE SUREG SAO PAULO,,
135326,135326 - UNID.ESTOQUE ESTRATEGICO/SP,,
135327,135327 - NUCLEO ESTOQUE REGULADOR/SP - PGPM,,
135329,135329 - UA/SENADOR POMPEU,,
135331,135331 - UA/BAURU,,
135337,135337 - CONAB SEDE SUREG TOCANTINS,,
135338,135338 - UNID.ESTOQUE ESTRATEGICO/TO,,
135339,135339 - NUCLEO ESTOQUE REGULADOR/TO - PGPM,,
135340,135340 - UA/ARAGUAINA,,
135345,135345 - CONAB SEDE/SUREG PI,,
135347,135347 - NUCLEO DO ESTOQUE ESTRATÉGICO - SEDE,,
135348,135348 - NUCLEO ESTOQUE REGULADOR - SEDE,,
135393,135393 - UA/SANTAREM,,
135396,135396 - UA/ROLANDIA,,
135397,135397 - UA/CHAPADAO DO SUL,,
135402,135402 - UNIDADE ESTOQUE ESTRATEGICO/MS,,
135410,135410 - UA PORTEIRAO,,
135416,135416 - UA ITABAIANA,,
135417,135417 - UA RIO FORMOSO,,
135425,135425 - MO/BAHIA,,
135426,135426 - MO/SERGIPE,,
135427,135427 - MO/GO,,
135428,135428 - MO/DISTRITO FEDERAL,,
135429,135429 - MO/MARANHAO,,
135431,135431 - MO/MG,,
135432,135432 - MO/MATO GROSSO DO SUL,,
135433,135433 - MO/RONDONIA,,
135434,135434 - MO/PARA,,
135435,135435 - MO/AMAZONAS,,
135436,135436 - MO/RORAIMA,,
135437,135437 - UNIDADE MERCADO OPCAO/PR,,
135438,135438 - MO/PERNAMBUCO,,
135439,135439 - MO/ALAGOAS,,
135440,135440 - MO/RIO DE JANEIRO,,
135441,135441 - MO/ESPIRITO SANTO,,
135442,135442 - MO/RIO GRANDE DO SUL,,
135443,135443 - MO/SAO PAULO,,
135444,135444 - MO/TOCANTINS,,
135445,135445 - MO/SANTA CATARINA,,
135446,135446 - UA/ALTA FLORESTA,,
135447,135447 - MO/CEARA,,
135448,135448 - MO/RIO GRANDE DO NORTE,,
135449,135449 - UA/GOIANIA,,
135457,135457 - CONAB SEDE SUREG RIO GRANDE DO NORTE,,
135458,135458 - CONAB SEDE SUREG ES,,
135460,135460 - UNIDADE ARMAZENADORA DE SAO LUIS,,
135461,135461 - CONAB SEDE SUREG RONDONIA,,
135462,135462 - UA/PARNAIBA,,
135463,135463 - UNID. MERC. OPCOES PIAUI,,
135464,135464 - MO/PARAIBA,,
135465,135465 - UNIDADE ARMAZENADORA COLATINA,,
135474,135474 - UA SAO SEBASTIAO DO PARAISO,,
135475,135475 - UA CONCEICAO DO RIO VERDE,,
135476,135476 - CONAB SEDE SUREG PARAIBA,,
135481,135481 - UNIDADE ARMAZENADORA CAMBURI,,
135482,135482 - UA/JUIZ DE FORA,,
135483,135483 - UNIDADE ARMAZENADORA VARGINHA,,
135486,135486 - UA/CARAPICUIBA,,
135487,135487 - UA/GARCA,,
135491,135491 - UA/PERDOES,,
135492,135492 - UA/CAMPOS ALTOS,,
135494,135494 - UA/MONTES CLAROS,,
135530,135530 - MO/ACRE,,
135531,135531 - UA/BERNARDINO DE CAMPOS,,
135532,135532 - UA/MARABA,,
135533,135533 - UNIDADE CONAB PAA RIO GRANDE DO NORTE,,
135534,135534 - UNIDADE ARMAZENADORA ASSU,,
135539,135539 - UNIDADE CONAB PAA MATO GROSSO,,
135540,135540 - UNIDADE CONAB PAA GOIAS,,
135541,135541 - UNIDADE CONAB PAA PIAUI,,
135544,135544 - ARMAZEM FRIGORIFICO CURITIBA,,
135545,135545 - UNIDADE CONAB PAA PARANA,,
135546,135546 - UNIDADE CONAB PAA PARA,,
135547,135547 - INIDADE CONAB PAA ACRE,,
135548,135548 - UNIDADE CONAB PAA RONDONIA,,
135549,135549 - UNIDADE CONAB PAA SANTA CATARINA,,
135550,135550 - UNIDADE CONAB PAA MARANHAO,,
135551,135551 - UNIDADE CONAB PAA MATO GROSSO DO SUL,,
135552,135552 - UA/CRATEUS,,
135553,135553 - UNIDADE CONAB PAA AMAZONAS,,
135554,135554 - UNIDADE CONAB PAA RORAIMA,,
135555,135555 - UNIDADE CONAB PAA SAO PAULO,,
135556,135556 - UNIDADE CONAB PAA RIO GRANDE DO SUL,,
135557,135557 - UNIDADE ARMAZENADORA BOA VISTA,,
135558,135558 - UNIDADE CONAB PAA BAHIA,,
135559,135559 - UNIDADE CONAB PAA ESPIRITO SANTO,,
135560,135560 - UNIDADE CONAB PAA TOCANTINS,,
135561,135561 - UNIDADE CONAB PAA RIO DE JANEIRO,,
135562,135562 - UNIDADE CONAB PAA MINAS GERAIS,,
135563,135563 - UNIDADE CONAB PAA PERNAMBUCO,,
135564,135564 - UNIDADE ARMAZENADORA DE ENTRE RIOS,,
135565,135565 - UNIDADE ARMAZENADORA RIBEIRA DO POMBAL,,
135567,135567 - UNIDADE ARMAZENADORA CURRAIS NOVOS,,
135568,135568 - UNIDADE ARMAZENADORA NATAL-CAIAPOS,,
135570,135570 - UNIDADE ESTOQUE ESTRATEGICO RORAIMA,,
135571,135571 - UNIDADE CONAB PAA BRASILIA,,
135572,135572 - UNIDADE CONAB PAA SERGIPE,,
135585,135585 - UNIDADE ARMAZENADORA DE STA MARIA DA VITORIA,,
135586,135586 - CONAB SEDE SUREG ALAGOAS,,
135587,135587 - CONAB SEDE SUREG RORAIMA,,
135595,135595 - UNIDADE MERCADO DE OPCOES - SEDE,,
135596,135596 - CONAB SEDE SUREG AMAPA,,
135597,135597 - UNIDADE CONAB PAA CEARA,,
135598,135598 - UNIDADE CONAB PAA AMAPA,,
135599,135599 - UNIDADE MERCADO DE OPCOES AMAPA,,
135601,135601 - UNIDADE CONAB PAA ALAGOAS,,
135602,135602 - UNIDADE CONAB PAA PARAIBA,,
135605,135605 - CONAB SEDE SUREG ACRE,,
135606,135606 - NUCLEO ESTOQUE REGULADOR/RR - PGPM,,
135607,135607 - UNIDADE ARMAZENADORA DE PATOS,,
135608,135608 - UNIDADE ARMAZENADORA DE MONTEIRO,,
135610,135610 - UNIDADE ARMAZENADORA PALMEIRA DOS INDIOS,,
135611,135611 - UNIDADE ARMAZENADORA DE CAICO,,
135612,135612 - UNIDADE ARMAZENADORA ICO,,
135614,135614 - UNIDADE ARMAZENADORA MACAPA CENTRAL,,
135615,135615 - UNIDADE ARMAZENADORA UMARIZAL,,
135625,135625 - UNIDADE ARMAZENADORA CACHOEIRO DE ITAPEMIRIM,,
135626,135626 - CONAB SEDE SUREG DISTRITO FEDERAL E ENTORNO,,
137043,137043 - CEPLAC/ARIQUEMES/RO,,
138011,138011 - UA SAO JOSE,,
150002,150002 - SUBSECRETARIA DE ASSUNTOS ADMINISTRATIVOS/MEC,,
150007,150007 - CONSELHO NACIONAL DE EDUCACAO,,
150011,150011 - SECRETARIA DE EDUCACAO SUPERIOR,,
150014,150014 - SUBSECRETARIA DE PLANEJAMENTO E ORCAMENTO SPO,,
150016,150016 - SECRETARIA DE EDUC.PROFISSIONAL E TECNOLOGICA,,
150019,150019 - SECRETARIA DE EDUCACAO BASICA,,
150028,150028 - SECRETARIA DE EDUC.CONT.ALF.E DIVERSIDADE,,
150119,150119 - CENTRO ACADEMICO DO AGRESTE DA UFPE,,
150123,150123 - COORD. DE PROJ. C/A FUND. DE APOIO,,
150134,150134 - CENTRO ACADEMICO VITORIA DE SANTO ANTAO-UFPE,,
150148,150148 - UTFPR - CAMPUS LONDRINA,,
150149,150149 - UTFPR - CAMPUS APUCARANA,,
150150,150150 - UTFPR - CAMPUS TOLEDO,,
150151,150151 - UTFPR- CAMPUS FRANCISCO BELTRAO,,
150154,150154 - CENTRO DE EDUCACAO E SAUDE DA UFCG,,
150160,150160 - PROGRAMA DE ASSISTENCIA A SAUDE DA UFMS,,
150161,150161 - CAMPUS UNIVERSITARIO DE COXIM DA UFMS,,
150162,150162 - CAMPUS UNIVERSITARIO DE PARANAIBA DA UFMS,,
150182,150182 - PRO-REITORIA DE ADMINISTRACAO/UFF,,
150218,150218 - UNIVERSIDADE FEDERAL DO RIO GRANDE - FURG,,
150220,150220 - HOSPITAL UNIVERSITÁRIO BETTINA FERRO DE SOUZA,,
150221,150221 - HOSPITAL DE CLÍNICAS DA UFTM,,
150223,150223 - MATERNIDADE CLIMERIO DE OLIVEIRA,,
150224,150224 - HOSPITAL UNIVERSITARIO GETULIO VARGAS,,
150229,150229 - HOSPITAL UNIVERSITARIO PROF ALBERTO ANTUNES,,
150230,150230 - PRO-REITORIA DE ASSUNTOS ESTUDANTIS - PROAES,,
150231,150231 - HOSPITAL UNIVERSITARIO,,
150232,150232 - HOSPITAL UNIVERSITARIO - UFSC,,
150233,150233 - HOSPITAL DE CLINICAS DA UFU,,
150237,150237 - HOSPITAL UNIVERSITARIO DA UFPI,,
150244,150244 - HOSPITAL UNIVERSITARIO WALTER CANTIDIO,,
150246,150246 - MATERNIDADE ESCOLA ASSIS CHATEAUBRIAND,,
150247,150247 - COMPLEXO HOSPITALAR E DE SAUDE DA UFBA,,
150248,150248 - HOSPITAL UNIVERSITARIO (HU/UFGD),,
150426,150426 - UFRN - COMPLEXO HOSPITALAR DE SAUDE,,
150432,150432 - SUP.GERAL DO COMPLEXO HOSP.E DE SAUDE DA UFRJ,,
151046,151046 - HOSPITAL VITOR DO AMARAL,,
151068,151068 - CAMPUS DE CHAPADAO DO SUL DA UFMS,,
151069,151069 - CAMPUS DE NOVA ANDRADINA DA UFMS,,
151070,151070 - CAMPUS DE PONTA PORA DA UFMS,,
151071,151071 - CAMPUS DE NAVIRAI DA UFMS,,
151072,151072 - CAMPUS DE BONITO DA UFMS,,
151714,151714 - FUNDO FINANC. ESTUDANTE ENSINO SUPERIOR,,
151878,151878 - INST. FED.SUL-RIO-GRANDENSE/CAMPUS CAMAQUA,,
151879,151879 - INST.FED.SUL-RIO-GRANDENSE/CAMPUS BAGE,,
151889,151889 - IF BAIANO CAMPUS BOM JESUS DA LAPA,,
151895,151895 - IFSUL/CAMPUS VISCONDE DA GRAÇA/PELOTAS,,
151909,151909 - IF DE PERNAMBUCO (CAMPUS CARUARU),,
151910,151910 - IF DE PERNAMBUCO (CAMPUS GARANHUNS),,
151911,151911 - IF DE PERNAMBUCO (AFOGADOS DA INGAZEIRA),,
151916,151916 - DEPTO DE ANTROPOLOGIA E MUSEOLOGIA,,
151917,151917 - DEPARTAMENTO DE ARQUEOLOGIA,,
151918,151918 - DEPARTAMENTO DE CIENCIA POLITICA,,
151963,151963 - DEPTO DE HOTELARIA E TURISMO-DHT,,
151964,151964 - IFSUL/CAMPUS VENANCIO AIRES,,
152004,152004 - INSTITUTO BENJAMIN CONSTANT-RJ,,
152005,152005 - INSTITUTO NACIONAL DE EDUCACAO DE SURDOS-RJ,,
152134,152134 - UTFPR - CAMPUS GUARAPUAVA,,
152139,152139 - IFB - CAMPUS GAMA,,
152140,152140 - IFB - CAMPUS TAGUATINGA NORTE,,
152141,152141 - IFB - CAMPUS SAMAMBAIA,,
152142,152142 - IFB - CAMPUS BRASÍLIA,,
152143,152143 - IFB - CAMPUS TAGUATINGA CENTRO,,
152253,152253 - IF CATARINENSE - CAMPUS IBIRAMA,,
152254,152254 - IF CATARINENSE - CAMPUS BLUMENAU,,
152290,152290 - IF CATARINENSE - CAMPUS S. FRANCISCO DO SUL,,
152370,152370 - CENTRO DE APOIO A EDUCACAO A DISTANCIA/UFMG,,
152389,152389 - SECRETARIA DE ARTIC. C/ OS SISTEMAS DE ENSINO,,
152390,152390 - SECRETARIA REG. E SUPERVISÃO DA ED. SUPERIOR,,
152420,152420 - INST. FED. DE SERGIPE/CAMPUS N.Sª DA GLÓRIA,,
152426,152426 - INST. FED. DE SERGIPE/CAMPUS ESTÂNCIA,,
152430,152430 - INST. FED. DE SERGIPE/CAMPUS ITABAIANA,,
152435,152435 - DECANATO DE PLANEJAMENTO E ORÇAMENTO - FUB,,
152477,152477 - UNIFESP-HOSP. UNIVERSITARIO,,
152663,152663 - IF CATARINENSE - CAMPUS LUZERNA,,
152711,152711 - INST. FED. DO RN / CAMPUS NATAL - CIDADE ALTA,,
152734,152734 - COORD-GERAL DE SUP. A GESTÃO ORCAMENT/SPO/MEC,,
152756,152756 - INST. FED. DO RN / CAMPUS PARNAMIRIM,,
152757,152757 - INSTITUTO FEDERAL DO RN - CAMPUS NOVA CRUZ,,
152771,152771 - SUPERINTENDENCIA DE SEGURANCA INSTITUCIONAL,,
152800,152800 - INST.FED.DE ALAGOAS/CAMPUS PENEDO,,
152801,152801 - INST.FED.DE ALAGOAS/CAMPUS SANTANA DO IPANEMA,,
152802,152802 - INST.FED.DE ALAGOAS/CAMPUS PIRANHAS,,
152803,152803 - INST.FED.DE ALAGOAS/CAMPUS MURICI,,
152804,152804 - INST.FED.DE ALAGOAS/CAMPUS SAO MIGUEL CAMPOS,,
152805,152805 - INST.FED.DE ALAGOAS/CAMPUS ARAPIRACA,,
152815,152815 - INST.FED.DE ALAGOAS/CAMPUS MARAGOGI,,
153001,153001 - SUBCOORD.DA UNID.AVANC.J.VERISSIMO,,
153010,153010 - CENTRO FED.DE EDUC.TECNOL.CELSO S.DA FONSECA,,
153015,153015 - CENTRO FED.DE EDUCACAO TECNOL.DE MINAS GERAIS,,
153019,153019 - UNIVERSIDADE TECNOLOGICA FEDERAL DO PARANA,,
153028,153028 - UNIVERSIDADE FEDERAL DE ALFENAS,,
153029,153029 - UTFPR - CAMPUS MEDIANEIRA,,
153030,153030 - UNIVERSIDADE FEDERAL DE ITAJUBA,,
153031,153031 - UNIFESP-UNIVERSIDADE FEDERAL DE SAO PAULO,,
153032,153032 - UNIVERSIDADE FEDERAL DE LAVRAS,,
153033,153033 - UNIVERSIDADE FEDERAL RURAL DO SEMI-ARIDO - RN,,
153034,153034 - UNIVERSIDADE FEDERAL RURAL DA AMAZONIA,,
153035,153035 - UNIVERSIDADE FEDERAL DO TRIANGULO MINEIRO,,
153036,153036 - UNIVERSIDADE FED.VALES JEQUITINHONHA E MUCURI,,
153037,153037 - UNIVERSIDADE FEDERAL DE ALAGOAS,,
153038,153038 - UNIVERSIDADE FEDERAL DA BAHIA,,
153040,153040 - HOSPITAL PROF. EDGARD SANTOS DA UFBA,,
153045,153045 - UNIVERSIDADE FEDERAL DO CEARA,,
153046,153046 - UNIVERSIDADE FEDERAL DO ESPIRITO SANTO,,
153047,153047 - HOSPITAL UNIVERSITARIO C. ANTONIO MORAIS/UFES,,
153048,153048 - RESTAURANTE CENTRAL DA UFES,,
153049,153049 - CENTRO UNIVERSITARIO NORTE DO ESPIRITO SANTO.,,
153050,153050 - CENTRO DE CIENCIAS AGRARIAS DA UFES,,
153052,153052 - UNIVERSIDADE FEDERAL DE GOIAS,,
153054,153054 - HOSPITAL DAS CLINICAS DA UFGO,,
153056,153056 - UNIVERSIDADE FEDERAL FLUMINENSE,,
153057,153057 - HOSPITAL UNIVERSITARIO ANTONIO PEDRO,,
153058,153058 - PRO-REITORIA DE ASSUNTOS ESTUDANTIS,,
153061,153061 - UNIVERSIDADE FEDERAL DE JUIZ DE FORA,,
153062,153062 - UNIVERSIDADE FEDERAL DE MINAS GERAIS,,
153063,153063 - UNIVERSIDADE FEDERAL DO PARA,,
153065,153065 - UNIVERSIDADE FEDERAL DA PARAIBA,,
153066,153066 - PREFEITURA UNIVERSITARIA DA UFPB,,
153067,153067 - PRO-REITORIA DE POS-GRADUACAO E PESQ.DA UFPB,,
153068,153068 - CENTRO DE CIENC.EXATAS E DA NATUREZA DA UFPB,,
153070,153070 - BIBLIOTECA CENTRAL DA UFPB,,
153071,153071 - HOSPITAL UNIVERSITARIO LAURO WANDERLEY-UFPB,,
153072,153072 - CENTRO DE BIOTECNOLOGIA DA UFPB,,
153073,153073 - CENTRO DE CIENCIAS AGRARIAS DA UFPB,,
153074,153074 - CENTRO DE CIENC.HUMA. SOC. E AGRARIAS DA UFPB,,
153079,153079 - UNIVERSIDADE FEDERAL DO PARANA,,
153080,153080 - UNIVERSIDADE FEDERAL DE PERNAMBUCO,,
153081,153081 - DIRET.DO CENTRO DE ARTES E COMUNICACAO- UFPE,,
153082,153082 - DIRET.DO CENTRO DE CIENC.EXATAS E NAT.DA UFPE,,
153083,153083 - DIRET.DO CENTRO DE CIENCIAS BIOLOGICAS- UFPE,,
153084,153084 - DIRET.CENTRO DE FILOSOFIA E C.HUMANAS - UFPE,,
153085,153085 - DIRET.DO CENTRO DE EDUCACAO DA UFPE,,
153086,153086 - DIRET.CENTRO DE CIENCIAS SOC.APLICADAS- UFPE,,
153087,153087 - DIRET.DO CENTRO DE CIENCIAS DA SAUDE DA UFPE,,
153088,153088 - DIRET.DO CENTRO DE TECNOLOGIA DA UFPE,,
153089,153089 - DIRET.DO CENTRO DE CIENCIAS JURIDICAS - UFPE,,
153090,153090 - PRO-REITORIA DE EXTENSAO,,
153091,153091 - ESCRITORIO PROJETOS INSTITUCIONAIS - EPI,,
153092,153092 - BIBLIOTECA CENTRAL DA UFPE,,
153093,153093 - EDITORA UNIVERSITARIA DA UFPE,,
153094,153094 - HOSPITAL DAS CLINICAS - UFPE,,
153095,153095 - PREFEITURA DA CIDADE UNIVERSITARIA DA UFPE,,
153096,153096 - PRO-REITORIA P/ASSUNTOS ACADEMICOS DA UFPE,,
153098,153098 - PRO-REITORIA DE PESQ. E POS-GRADUACAO DA UFPE,,
153099,153099 - DEPARTAMENTO DE ENGENHARIA DE PRODUCAO,,
153100,153100 - NUCLEO DE EDUCACAO FISICA E DESPORTOS DA UFPE,,
153101,153101 - NUCLEO DE TECNOLOG. DA INFORMACAO DA UFPE-NTI,,
153102,153102 - NUCLEO DE TELEVISAO E RADIO DA UFPE,,
153103,153103 - UNIVERSIDADE FEDERAL DO RIO GRANDE DO NORTE,,
153104,153104 - HOSPITAL UNIVERSITARIO ANA BEZERRA,,
153105,153105 - GABINETE DO REITOR DA UFPE-GR,,
153107,153107 - CENTRO DE CIENCIAS DA SAUDE DA UFRN,,
153108,153108 - HOSPITAL UNIVERSITARIO ONOFRE LOPES DA UFRN,,
153109,153109 - CENTRO DE BIOCIENCIAS DA UFRN,,
153110,153110 - MATERNIDADE ESCOLA JANUARIO CICCO DA UFRN,,
153113,153113 - CENTRO DE CIENCIAS SOCIAIS APLICADAS DA UFRN,,
153114,153114 - UNIVERSIDADE FEDERAL DO RIO GRANDE DO SUL,,
153115,153115 - UNIVERSIDADE FEDERAL DO RIO DE JANEIRO,,
153117,153117 - SUPERINT.GERAL DE ENS.P/GRAD.E PESQ. DA UFRJ,,
153119,153119 - PREFEITURA DA UNIVERSIDADE DA UFRJ,,
153120,153120 - CENTRO CIENC MATEMAT E DA NATUREZA DA UFRJ,,
153121,153121 - INSTITUTO DE MATEMATICA DA UFRJ,,
153122,153122 - INSTITUTO DE QUIMICA DA UFRJ,,
153123,153123 - INSTITUTO DE FISICA DA UFRJ,,
153124,153124 - INSTITUTO DE GEOCIENCIAS DA UFRJ,,
153125,153125 - NUCLEO DE COMPUTACAO ELETRONICA DA UFRJ,,
153126,153126 - OBSERVATORIO DO VALONGO DA UFRJ,,
153127,153127 - DECANATO DO CENTRO DE LETRAS E ARTES DA UFRJ,,
153128,153128 - DECANATO DO CENT DE FILOSOF. E C HUM. DA UFRJ,,
153129,153129 - INSTITUTO DE FILOSOF/CIENCIAS SOCIAIS DA UFRJ,,
153130,153130 - INSTITUTO DE PSICOLOGIA DA UFRJ,,
153131,153131 - FACULDADE DE EDUCACAO DA UFRJ,,
153132,153132 - DECANATO DO CENTRO DE C JUR E ECONOM. DA UFRJ,,
153133,153133 - FACULDADE DE ADMINIST E CIENCIAS CONTABEIS,,
153137,153137 - DECANATO DO CENTRO DE CIENC.DA SAUDE DA UFRJ,,
153138,153138 - FACULDADE DE MEDICINA DA UFRJ,,
153139,153139 - FACULDADE DE ODONTOLOGIA DA UFRJ,,
153140,153140 - FACULDADE DE FARMACIA DA UFRJ,,
153141,153141 - ESCOLA DE ENFERMAGEM ANA NERI DA UFRJ,,
153142,153142 - INSTITUTO DE CIENCIAS BIOMEDICAS DA UFRJ,,
153143,153143 - INSTITUTO DE MICROBIOLOGIA DA UFRJ,,
153144,153144 - INSTITUTO DE NUTRICAO JOSUE DE CASTRO,,
153145,153145 - INSTITUTO DE BIOFISICA DA UFRJ,,
153146,153146 - NUCLEO DE PESQUISA DE PROD. NATURAIS DA UFRJ,,
153147,153147 - INSTITUTO DE GINECOLOGIA DA UFRJ,,
153148,153148 - INSTITUTO DE NEUROL. DEOLINDO COUTO DA UFRJ,,
153149,153149 - INSTITUTO DE PSIQUIATRIA DA UFRJ,,
153150,153150 - INSTITUTO PUERIC. PED MAT. GESTEIRA DA UFRJ,,
153151,153151 - INSTITUTO DE DOENCAS DO TORAX DA UFRJ,,
153152,153152 - HOSPITAL UNIVERSITARIO DA UFRJ,,
153153,153153 - ESCOLA DE EDUCACAO FISICA E DESPORTES DA UFRJ,,
153154,153154 - INSTITUTO DE BIOLOGIA DA UFRJ,,
153155,153155 - MATERNIDADE ESCOLA DA UFRJ,,
153156,153156 - NUCLEO DE TECNOL. EDUCACIONAL P/SAUDE DA UFRJ,,
153157,153157 - DECANATO DO CENTRO DE TECNOLOGIA DA UFRJ,,
153158,153158 - ESCOLA POLITECNICA DA UFRJ,,
153159,153159 - ESCOLA DE QUIMICA DA UFRJ,,
153160,153160 - COORD DOS PROG DE POS-GRAD EM ENGEN DA UFRJ,,
153161,153161 - FORUM DE CIENCIA E CULTURA DA UFRJ,,
153162,153162 - MUSEU NACIONAL DA UFRJ,,
153163,153163 - UNIVERSIDADE FEDERAL DE SANTA CATARINA,,
153164,153164 - UNIVERSIDADE FEDERAL DE SANTA MARIA,,
153165,153165 - UNIVERSIDADE FEDERAL RURAL DE PERNAMBUCO,,
153166,153166 - UNIVERSIDADE FEDERAL RURAL DO RIO DE JANEIRO,,
153167,153167 - COLEGIO PEDRO II,,
153173,153173 - FUNDO NACIONAL DE DESENVOLVIMENTO DA EDUCACAO,,
153176,153176 - UTFPR - CAMPUS CORNELIO PROCOPIO,,
153177,153177 - UTFPR - CAMPUS PATO BRANCO,,
153178,153178 - UTFPR - CAMPUS PONTA GROSSA,,
153248,153248 - PRO-REIT.DE PESQ.E POS-GRAD. E INOVAÇAO,,
153251,153251 - UTFPR - CAMPUS CAMPO MOURAO,,
153252,153252 - HOSP.PEDIATRIA PROF. HERIBERTO F. BEZERRA,,
153253,153253 - CENTRO DE CIENCIAS HUM.E LETRAS ARTES DA UFRN,,
153254,153254 - ADMINISTRACAO GERAL/UFMG,,
153255,153255 - BIBLIOTECA UNIVERSITARIA/UFMG,,
153256,153256 - EDITORA DA UFMG,,
153257,153257 - CENTRO DE COMUNICACAO DA UFMG,,
153258,153258 - CENTRO COMPUTACAO/UFMG,,
153260,153260 - CENTRO ESPORTIVO UNIVERSITARIO/UFMG,,
153261,153261 - HOSPITAL CLINICAS/UFMG,,
153262,153262 - IMPRENSA UNIVERSITARIA/UFMG,,
153263,153263 - LABORATORIO DE COMPUTACAO CIENTIFICA/UFMG,,
153264,153264 - MUSEU HISTORICO NATURAL/UFMG,,
153265,153265 - DEPARTAMENTO DE OBRAS/UFMG,,
153267,153267 - DEPARTAMENTO MANUT. OPER.INFRA-ESTRUTURA/UFMG,,
153269,153269 - PRO-REITORIA DE ADMINISTRACAO/UFMG,,
153270,153270 - PRO-REITORIA DE PLANEJ.E DESENVOLVIMENTO/UFMG,,
153271,153271 - PRO-REITORIA DE GRADUACAO/UFMG,,
153272,153272 - PRO-REITORIA DE EXTENSAO/UFMG,,
153273,153273 - PRO-REITORIA DE PESQUISA/UFMG,,
153274,153274 - PRO-REITORIA DE POS-GRADUACAO/UFMG,,
153275,153275 - ESCOLA DE ARQUITETURA/UFMG,,
153276,153276 - ESCOLA DE BELAS ARTES/UFMG,,
153277,153277 - ESCOLA DE CIENCIA DA INFORMACAO/UFMG,,
153278,153278 - ESCOLA EDUCACAO FISICA FISIOT.TERAP.OCUP/UFMG,,
153279,153279 - ESCOLA DE ENFERMAGEM/UFMG,,
153280,153280 - ESCOLA DE ENGENHARIA/UFMG,,
153281,153281 - ESCOLA DE MUSICA/UFMG,,
153282,153282 - ESCOLA DE VETERINARIA/UFMG,,
153283,153283 - FACULDADE DE CIENCIAS ECONOMICAS/UFMG,,
153284,153284 - FACULDADE DE DIREITO/UFMG,,
153285,153285 - FACULDADE DE EDUCACAO/UFMG,,
153286,153286 - FACULDADE DE FARMACIA/UFMG,,
153287,153287 - FACULDADE DE FILOSOFIA E CIENC. HUMANAS/UFMG,,
153288,153288 - FACULDADE DE LETRAS/UFMG,,
153289,153289 - FACULDADE DE MEDICINA/UFMG,,
153290,153290 - FACULDADE DE ODONTOLOGIA/UFMG,,
153291,153291 - INSTITUTO DE CIENCIAS BIOLOGICAS/UFMG,,
153292,153292 - INSTITUTO DE CIENCIAS EXATAS/UFMG,,
153293,153293 - INSTITUTO DE GEO-CIENCIAS/UFMG,,
153294,153294 - CENTRO PEDAGOGICO/UFMG,,
153295,153295 - COLEGIO TECNICO/UFMG,,
153296,153296 - INSTITUTO DE CIENCIAS AGRARIAS/UFMG,,
153343,153343 - ESCOLA DE BELAS ARTES,,
153344,153344 - DEPTO.DE TEORIA DA ARTE E EXPR.ARTISTICA-UFPE,,
153345,153345 - DEPTO.ARQUITETURA E URBANISMO DA UFPE,,
153346,153346 - DEPTO.DE COMUNICACAO SOCIAL DA UFPE,,
153347,153347 - DEPTO.DE LETRAS DA UFPE,,
153348,153348 - DEPTO.DE EXPRESSAO GRAFICA DA UFPE,,
153349,153349 - DEPTO. DE CIENCIA DA INFORMACAO DA UFPE,,
153350,153350 - DEPTO. DE MUSICA DA UFPE,,
153351,153351 - DEPTO.DE FISICA DA UFPE,,
153352,153352 - DEPTO.DE MATEMATICA DA UFPE,,
153353,153353 - DEPTO.DE ESTATISTICA DA UFPE,,
153354,153354 - DEPTO.DE QUIMICA FUNDAMENTAL DA UFPE,,
153355,153355 - DIRETORIA DO CENTRO DE INFORMATICA - UFPE,,
153356,153356 - DEPTO.DE ANATOMIA DA UFPE,,
153357,153357 - DEPTO. DE BIOQUIMICA DA UFPE,,
153358,153358 - DEPTO.DE FISIOLOGIA E FARMACOLOGIA DA UFPE,,
153359,153359 - DEPARTAMENTO DE GENETICA,,
153360,153360 - DEPTO.DE MICOLOGIA DA UFPE,,
153361,153361 - DEPTO. DE ZOOLOGIA DA UFPE,,
153362,153362 - DEPTO. DE ANTIBIOTICOS DA UFPE,,
153363,153363 - DEPTO.DE BIOFISICA E RADIOBIOLOGIA DA UFPE,,
153364,153364 - DEPTO. DE BOTANICA DA UFPE,,
153365,153365 - DEPTO. DE HISTOLOGIA E EMBRIOLOGIA DA UFPE,,
153366,153366 - DEPTO. DE FILOSOFIA DA UFPE,,
153367,153367 - DEPTO. DE HISTORIA DA UFPE,,
153368,153368 - DEPARTAMENTO DE SOCIOLOGIA DA UFPE,,
153369,153369 - DEPTO. DE PSICOLOGIA DA UFPE,,
153370,153370 - DEPTO. DE CIENCIAS GEOGRAFICAS DA UFPE,,
153371,153371 - DEPTO.DE FUND.SOCIO-FILOS.DA EDUCACAO DA UFPE,,
153372,153372 - DEPTO.DE PSICOL.E ORIENT. EDUCACIONAL DA UFPE,,
153373,153373 - DEPTO.DE ADM.ESC.E PLANEJ.EDUCACIONAL DA UFPE,,
153374,153374 - DEPTO.DE METODOS E TECNICAS DE ENSINO DA UFPE,,
153375,153375 - COLEGIO DE APLICACAO DA UFPE,,
153376,153376 - NUCLEO DE SAUDE PUBLICA E DESENV.SOCIAL-UFPE,,
153377,153377 - DEPTO.DE CIENCIAS ADMINISTRATIVAS DA UFPE,,
153378,153378 - DEPTO.DE CIENCIAS CONTABEIS E ATUARIAIS,,
153379,153379 - DEPTO.DE CIENCIAS ECONOMICAS DA UFPE,,
153380,153380 - DEPTO.DE SERVICO SOCIAL DA UFPE,,
153381,153381 - DEPTO. MATERNO INFANTIL DA UFPE,,
153382,153382 - DEPTO.DE MEDICINA CLINICA DA UFPE,,
153383,153383 - DEPTO. DE CIRURGIA DA UFPE,,
153384,153384 - DEPTO.DE MEDICINA TROPICAL DA UFPE,,
153385,153385 - DEPTO.DE NEURO PSIQUIATRIA DA UFPE,,
153386,153386 - DEPTO.DE PATOLOGIA DA UFPE,,
153387,153387 - DEPTO.DE MEDICINA SOCIAL DA UFPE,,
153388,153388 - DEPTO.DE FARMACIA DA UFPE,,
153389,153389 - DEPTO.DE CLINICA E ODONTOL.PREVENTIVA DA UFPE,,
153390,153390 - DEPTO.DE PROTESE E CIRURGIA BUCO FACIAL-UFPE,,
153391,153391 - DEPTO.DE NUTRICAO DA UFPE,,
153392,153392 - DEPTO.DE ENFERMAGEM DA UFPE,,
153393,153393 - DEPTO.DE EDUCACAO FISICA DA UFPE,,
153394,153394 - DEPTO. DE FISIOTERAPIA DA UFPE,,
153395,153395 - DEPTO.DE ENG.CARTOGRAFICA DA UFPE,,
153396,153396 - DEPTO.DE ENG.CIVIL DA UFPE,,
153397,153397 - DEPTO.DE ENG.ELETRICA E SIST.DE POTENCIA-UFPE,,
153398,153398 - DEPTO.DE ENG.MECANICA DA UFPE,,
153399,153399 - DEPTO.DE ENG.DE MINAS DA UFPE,,
153400,153400 - DEPTO.DE ENGENHARIA QUIMICA DA UFPE,,
153401,153401 - DEPTO.DE GEOLOGIA DA UFPE,,
153402,153402 - DEPTO.DE ENG.NUCLEAR DA UFPE,,
153403,153403 - DEPTO.DE OCEANOGRAFIA DA UFPE,,
153404,153404 - DEPTO.DE ELETRONICA E SISTEMAS DA UFPE,,
153406,153406 - DEPTO.DO DIR.PUB.GERAL/PROCESSUAL-UFPE,,
153407,153407 - DEPTO.DE DIREITO PUBLICO ESPECIALIZADO-UFPE,,
153408,153408 - DEPTO.DE TEO.DO DIREITO E DIR.PRIVADO DA UFPE,,
153409,153409 - PRO-REITORIA DE GESTÃO ADMINISTRATIVA,,
153410,153410 - LIKA/LABORAT.IMUNOPATOLOGIA KEISO ASAMI-UFPE,,
153411,153411 - DEPARTAMENTO DE FONOAUDIOLOGIA DA UFPE,,
153412,153412 - PRO-REITORIA PLANEJ.ORCAM.FINANÇAS,,
153413,153413 - PRO-REIT.DE GEST.DE PESSOAS QUAL.DE VIDA PROG,,
153414,153414 - SERVICO DE ORCAMENTO DE PESSOAL DA UFPE-SOP,,
153490,153490 - FACULDADE DE LETRAS - UFRJ,,
153491,153491 - ESCOLA DE MUSICA - UFRJ,,
153492,153492 - FACULDADE DE ARQUITETURA E URBANISMO - UFRJ,,
153494,153494 - INSTITUTO DE MACROMOLECULAS DA UFRJ,,
153515,153515 - INSTITUTO DE ESTUDOS EM SAUDE COLETIVA,,
153537,153537 - DEPTO. DE DESIGN DA UFPE,,
153545,153545 - DEPTO. DE TERAPIA OCUPACIONAL DA UFPE,,
153610,153610 - UNIVERSIDADE FEDERAL DE SANTA MARIA - HUSM,,
153808,153808 - HOSPITAL DE CLINICAS DA UFPR,,
153977,153977 - CENTRO DE ENSINO SUPERIOR DO SERIDO/UFRN,,
153978,153978 - INST.NACIONAL DE EST.E PESQUISAS EDUCACIONAIS,,
153984,153984 - PRO-REITORIA DE GRADUAÇÃO,,
153991,153991 - UTFPR - CAMPUS DOIS VIZINHOS,,
154003,154003 - FUND.COORD.DE APERF.DE PESSOAL NIVEL SUPERIOR,,
154004,154004 - FUND.COORD.DE APERF.DE PESSOAL NIVEL SUPERIOR,,
154019,154019 - CENTRO DE APOIO AO DESENVOLV. TECNOLOGICO-CDT,,
154020,154020 - PREFEITURA DO CAMPUS - PRC,,
154024,154024 - FACULDADE DE EDUCACAO FISICA - FEF,,
154032,154032 - FUND.UNIV.FED.DE.CIENC.DA SAUDE DE P.ALEGRE,,
154034,154034 - UNIVERSIDADE FEDERAL DO ESTADO RIO DE JANEIRO,,
154035,154035 - HOSPITAL UNIV. GAFFREE E GUINLE DA UNIRIO,,
154039,154039 - FUNDACAO UNIVERSIDADE DO AMAZONAS,,
154040,154040 - FUNDACAO UNIVERSIDADE DE BRASILIA - FUB,,
154041,154041 - FUNDACAO UNIVERSIDADE DO MARANHAO,,
154042,154042 - UNIVERSIDADE FEDERAL DO RIO GRANDE - FURG,,
154043,154043 - FUNDACAO UNIVERSIDADE FEDERAL DE UBERLANDIA,,
154044,154044 - FUNDACAO UNIVERSIDADE FEDERAL DO ACRE,,
154045,154045 - FUNDACAO UNIVERSIDADE FEDERAL DE MATO GROSSO,,
154046,154046 - UNIVERSIDADE FEDERAL DE OURO PRETO,,
154047,154047 - FUNDACAO UNIVERSIDADE FEDERAL DE PELOTAS,,
154048,154048 - FUNDAÇÃO UNIVERSIDADE FEDERAL DO PIAUI,,
154049,154049 - FUNDACAO UNIVERSIDADE FEDERAL DE SAO CARLOS,,
154050,154050 - FUNDACAO UNIVERSIDADE FEDERAL DE SERGIPE,,
154051,154051 - UNIVERSIDADE FEDERAL DE VICOSA,,
154052,154052 - CENTRAL DE ENS.DES.AGRAR.DE FLORESTAL/UFV,,
154053,154053 - CENTRAL DE EXP.PESQ.E EXT.DO TRIANG.MIN./UFV,,
154054,154054 - FUNDACAO UNIVERS.FED. DE MATO GROSSO DO SUL,,
154055,154055 - FUNDACAO UNIVERSIDADE FEDERAL DE RONDONIA,,
154064,154064 - CAMPUS DE AQUIDAUANA  DA FUFMS,,
154065,154065 - CAMPUS DO PANTANAL DA UFMS,,
154067,154067 - CAMPUS DE TRES LAGOAS DA UFMS,,
154069,154069 - FUNDACAO UNIVERSIDADE FEDERAL DE S.J.DEL-REI,,
154070,154070 - HOSPITAL UNIVERSITARIO JULIO MULLER DA FUFMT,,
154072,154072 - HOSPITAL UNIVERSITARIO,,
154076,154076 - CENTRO DE INFORMATICA - CPD,,
154078,154078 - EDITORA DA UNIVERSIDADE DE BRASILIA - EDU,,
154079,154079 - CENTRO DE SEL.E DE PROMOÇÃO DE EVENTOS,,
154080,154080 - UNIVERSIDADE FEDERAL DE RORAIMA,,
154106,154106 - HOSPITAL UNIVERSITARIO DE BRASILIA - HUB,,
154145,154145 - HOSPITAL ESCOLA DA UFPEL,,
154177,154177 - HOSPITAL UNIVERSITARIO DA FUFSE,,
154215,154215 - FUNDACAO UNIVERSIDADE FEDERAL DO AMAPA,,
154357,154357 - HOSPITAL UNIVERSITARIO MARIA AP. PEDROSSIAM,,
154358,154358 - UTFPR - CAMPUS CURITIBA,,
154359,154359 - FUNDACAO UNIVERSIDADE FEDERAL DO PAMPA,,
154361,154361 - RESTAURANTE UNIVERSITARIO - DRU,,
154419,154419 - FUNDACAO UNIVERSIDADE FEDERAL DO TOCANTINS,,
154421,154421 - FUND. UNIVERSIDADE FEDERAL VALE SAO FRANCISCO,,
154459,154459 - CENTRO CULTURAL DA UFMG,,
154502,154502 - FUNDACAO UNIVERSIDADE FED. DA GRANDE DOURADOS,,
154503,154503 - FUNDACAO UNIVERSIDADE FEDERAL DO ABC,,
154579,154579 - INSTITUTO FEDERAL BAIANO - CAMPUS VALENÇA,,
154580,154580 - INSTITUTO FEDERAL BAIANO - CAMPUS ITAPETINGA,,
154581,154581 - INST. FED. BAIANO -CAMPUS TEIXEIRA DE FREITAS,,
154582,154582 - INST FED RN / CAMPUS SÃO GONÇALO DO AMARANTE,,
154617,154617 - INST. FED. BAIANO - CAMPUS URUÇUCA,,
154618,154618 - INST. FED. BAIANO - CAMPUS GOV. MANGABEIRA,,
154628,154628 - INST.FEDERAL FARROUPILHA/CAMPUS JAGUARI,,
154703,154703 - UNIV. FED. RURAL DO SEMI-ARIDO/CAMPUS ANGICOS,,
154712,154712 - SUPERINTENDENCIA DE PROJETOS E OBRA - GAB,,
154716,154716 - HOSPITAL DE ENSINO DR WASHINGTON A. DE BARROS,,
154728,154728 - SECRETARIA GESTAO INFORMACAO E COMUNICACAO,,
154999,154999 - CAPES - DIFERENCA CAMBIAL,,
155001,155001 - HOSPITAL DE CLINICAS DE PORTO ALEGRE,,
155002,155002 - FUNDO DE FINANC. AO ESTUDANTE DO ENS.SUPERIOR,,
155007,155007 - EMPRESA BRASILEIRA DE SERVIÇOS HOSPITALARES,,
155008,155008 - EBSERH - HOSPITAL UNIVERSITÁRIO DO PIAUÍ,,
155009,155009 - EBSERH - HOSPITAL UNIVERSITÁRIO DE BRASILIA,,
158009,158009 - INSTITUTO FEDERAL DO PARANA,,
158092,158092 - UNIVERSIDADE FEDERAL DO RECONCAVO DA BAHIA,,
158099,"158099 - INST.FED.DE EDUC.,CIENC.E TEC.DO TRIA.MINEIRO",,
158121,"158121 - INST.FED.DE EDUC.,CIENC.E TEC.DO NORTE DE MG",,
158122,"158122 - INST.FED.DE EDUC.,CIENC.E TEC.DE MINAS GERAIS",,
158123,158123 - INST FED EDUC CIENCIA TECNOL SUDESTE MG,,
158124,158124 - IF GOIANO,,
158125,158125 - INST. FED. CATARINENSE/REITORIA,,
158126,"158126 - INST.FED.DE EDUC.,CIE.E TEC.SUL-RIO-GRANDENSE",,
158127,"158127 - INST.FED.DE EDUC.,CIENC.E TEC.FARROUPILHA",,
158128,"158128 - INST.FED.DE EDUC.,CIENC.E TEC.DO MARANHAO",,
158129,"158129 - INST.FED.DE EDUC.,CIENC.E TEC.BAIANO -REITORI",,
158131,158131 - INSTITUTO FED. DE EDU.CIE.TEC.DO TOCANTINS,,
158132,"158132 - INST.FED.DE EDUC.,CIENC.E TEC.DO MAT.G.DO SUL",,
158133,"158133 - INST.FED.DE EDUC.,CIENC.E TEC.DO CEARA",,
158134,"158134 - INST.FED.DE EDUC.,CIENC.E TEC.DE SERGIPE",,
158135,"158135 - INST.FED.DE EDUC.,CIENC.E TEC.DO PARA",,
158136,"158136 - INST.FED.DE EDUC.,CIENC.E TEC.DE PERNAMBUCO",,
158137,"158137 - INST.FED.DE EDUC.,CIENC.E TEC.DO SUL DE MG",,
158138,"158138 - INST.FED.DE EDUC.,CIENC.E TEC.DA PARAIBA",,
158139,"158139 - INST.FED.DE EDUC.,CIENC.E TEC.FLUMINENSE",,
158141,"158141 - INST.FED.DE EDUC.,CIENC.E TEC.DO RS",,
158142,"158142 - INST.FED.DE EDUC.,CIENC.E TEC.DO AMAZONAS",,
158143,158143 - IFB - REITORIA - BRASÍLIA-DF,,
158144,"158144 - INST.FED.DE EDUC.,CIENC.E TEC.DO MATO GROSSO",,
158145,"158145 - INST.FED.DE EDUC.,CIENC.E TEC.DA BAHIA",,
158146,"158146 - INST.FED.DE EDUC.,CIENC.E TEC.DO PIAUI",,
158147,"158147 - INST.FED.DE EDUC.,CIENC.E TEC.DE ALAGOAS",,
158148,"158148 - INST.FED.DE EDUC.,CIENC.E TEC.DE RONDONIA",,
158149,"158149 - INST.FED.DE ED.,CIENC.E TEC.DO S.PERNAMBUCANO",,
158150,"158150 - INST.FED.DE EDUC.,CIENC.E TEC.DO AMAPA",,
158151,"158151 - INST.FED.DE EDUC.,CIENC.E TEC.DO ESP.SANTO",,
158152,"158152 - INST.FED.DE EDUC.,CIENC.E TEC.DE RORAIMA",,
158153,"158153 - INST.FED.DE EDUC.,CIENC.E TEC.DE GOIAS",,
158154,"158154 - INST.FED.DE EDUC.,CIENC.E TEC.DE SAO PAULO",,
158155,"158155 - INST.FED.DE EDUC.,CIENC.E TEC.DO RN",,
158156,"158156 - INST.FED.DE EDUC.,CIENC.E TEC.DO ACRE",,
158157,"158157 - INST.FED.DE EDUC.,CIENC.E TEC.DO R.DE JANEIRO",,
158159,158159 - INST.FED. DO AMAPA -CAMPUS MACAPA,,
158160,158160 - INST.FED.DO AMAPA - CAMPUS LARANJAL JARI.,,
158162,158162 - INST.FED.DO PARÁ/CAMPUS BREVES,,
158172,158172 - HOSPITAL UNIVERSITARIO JOAO DE BARROS BARRETO,,
158195,158195 - UNIVERSIDADE FEDERAL DE CAMPINA GRANDE,,
158196,158196 - HOSPITAL UNIVERSITARIO ALCIDES CARNEIRO/UFCG,,
158197,158197 - CENTRO DE FORMACAO DE PROFESSORES DA UFCG,,
158198,158198 - CENTRO DE CIENCIAS JURIDICAS E SOCIAIS/UFCG,,
158199,158199 - CENTRO DE SAUDE E TECNOLOGIA RURAL DA UFCG,,
158219,158219 - COLÉGIO DE APLICAÇÃO DA UFRJ,,
158220,158220 - HOSPITAL ESCOLA SAO FRANCISCO DE ASSIS,,
158221,158221 - ESCOLA DE SERVIÇO SOCIAL DA UFRJ,,
158222,158222 - ESCOLA DE COMUNICAÇÃO DA UFRJ,,
158223,158223 - FACULDADE DE DIREITO DA UFRJ,,
158229,158229 - INSTITUTO DE BIOQUÍMICA MÉDICA DA UFRJ,,
158261,158261 - INST.FED.DO RS/CAMPUS PORTO ALEGRE,,
158262,158262 - INST.FED.DO RS/CAMPUS RIO GRANDE,,
158263,158263 - INST.FED.DO RS/CAMPUS SERTÃO,,
158264,158264 - INST.FED.DO RS/CAMPUS BENTO GONCALVES,,
158265,158265 - INST.FED.DO RS/CAMPUS CANOAS,,
158266,158266 - INST.FED.FARROUPILHA/CAMPUS SANTO AUGUSTO,,
158267,158267 - INST.FED.FARROUPILHA/CAMPUS DE ALEGRETE,,
158268,158268 - INST.FED.FARROUPILHA/CAMPUS SÃO VICENTE SUL,,
158269,158269 - INST.FED.FARROUPILHA/CAMPUS JULIO CASTILHOS,,
158270,158270 - IFSP - CAMPUS SÃO PAULO,,
158272,158272 - INST.FED. ESPIRITO SANTO/CAMPUS COLATINA,,
158273,158273 - INST.FED.DO AMAZONAS/CAMPUS S.G. DA CACHOEIRA,,
158274,158274 - INST.FED. FLUMINENSE/CAMPUS CAMPOS-CENTRO,,
158275,158275 - INST.FED.MINAS GERAIS/CAMPUS BAMBUÍ,,
158276,158276 - INST.FED.DO MARANHAO/CAMPUS SAO LUIS-MACARANA,,
158277,158277 - INST.FED.BAIANO/CAMPUS SANTA INES,,
158278,158278 - INST.FED.S.PERNAMB./CAMPUS PETROLINA Z.RURAL,,
158279,158279 - INST.FED.DA PARAIBA/CAMPUS SOUSA,,
158280,158280 - INST.FED.DA PARAIBA/CAMPUS CAJAZEIRAS,,
158281,158281 - INST.FED.DA PARAIBA/CAMPUS CAMPINA GRANDE,,
158282,158282 - INST.FED.DO MARANHAO/CAMPUS PINHEIRO,,
158283,158283 - INST.FED.DO MARANHAO/CAMPUS BURITICUPU,,
158284,158284 - INST.FED.DO MARANHAO/CAMPUS BARRA DO CORDA,,
158285,158285 - INST.FED.DO MARANHAO/CAMPUS BARREIRINHAS,,
158286,158286 - INST.FED.DO MARANHAO/CAMPUS MONTE CASTELO,,
158288,158288 - INST.FED.DO MARANHAO/CAMPUS CENTRO HISTORICO,,
158289,158289 - INST.FED.DO MARANHAO/CAMPUS ZE DOCA,,
158290,158290 - INST.FED.DO MARANHAO/CAMPUS SANTA INES,,
158291,158291 - INST.FED.DO MARANHAO/CAMPUS S.JOAO DOS PATOS,,
158292,158292 - INST.FED.DO MARANHAO/CAMPUS ALCANTARA,,
158293,158293 - INST.FED.DO MARANHAO/CAMPUS CODO,,
158294,158294 - INST.FED.DO MARANHAO/CAMPUS IMPERATRIZ,,
158295,158295 - INST.FED.DO MARANHAO/CAMPUS ACAILANDIA,,
158296,158296 - INST.FED.DO MARANHAO/CAMPUS S.R.MANGABEIRAS,,
158297,158297 - INST.FED.DO MARANHAO/CAMPUS BACABAL,,
158298,158298 - IF GOIANO - CAMPUS URUTAI,,
158299,158299 - IF GOIANO - CAMPUS RIO VERDE,,
158300,158300 - IF GOIANO - CAMPUS MORRINHOS,,
158301,158301 - CENTRO DE CIENCIAS E TECNOLOGIA AGROALIMENTAR,,
158302,158302 - IF GOIANO - CAMPUS CERES,,
158303,158303 - IFSULDEMINAS - CAMPUS MUZAMBINHO,,
158304,158304 - IFSULDEMINAS - CAMPUS MACHADO,,
158305,158305 - IFSULDEMINAS - CAMPUS INCONFIDENTES,,
158306,158306 - INST.FED.DO PARÁ/CAMPUS BELEM,,
158307,158307 - INST.FED.DO PARÁ/CAMPUS RURAL MARABÁ,,
158308,158308 - INST.FED.DO PARÁ/CAMPUS CASTANHAL,,
158309,158309 - INST.FED.TRIANGULO MINEIRO/CAMPUS PARACATU,,
158310,158310 - INST.FED.TRIANGULO MINEIRO/CAMPUS UBERABA,,
158311,158311 - INST.FED.TRIANGULO MINEIRO/CAMPUS ITUIUTABA,,
158312,158312 - INST.FED.TRIANGULO MINEIRO/CAMPUS UBERLANDIA,,
158313,158313 - INST.FED.DO CEARA/CAMPUS FORTALEZA,,
158314,158314 - INST.FED.DO CEARA/CAMPUS LIMOEIRO DO NORTE,,
158315,158315 - INST.FED.DO CEARA/CAMPUS QUIXADA,,
158316,158316 - INST.FED.DO CEARA/CAMPUS JUAZEIRO DO NORTE,,
158317,158317 - INST.FED.DO CEARA/CAMPUS SOBRAL,,
158318,158318 - INST.FED.DO CEARA/CAMPUS CEDRO,,
158319,158319 - INST.FED.DO CEARA/CAMPUS MARACANAU,,
158320,158320 - INST.FED.DO CEARA/CAMPUS IGUATU,,
158321,158321 - INST.FED.DO CEARA/CAMPUS CRATO,,
158322,158322 - INST.FED.DO CEARA/CAMPUS ACARAU,,
158323,158323 - INST.FED.DO CEARA/CAMPUS CANINDÉ,,
158324,158324 - INST.FED.DO CEARA/CAMPUS CRATEUS,,
158325,158325 - INST.FED.DO RS/CAMPUS ERECHIM,,
158326,158326 - INST.FED.DO RS/CAMPUS PORTO ALEGRE - RESTINGA,,
158327,158327 - INST.FED.DO RS/CAMPUS OSORIO,,
158328,158328 - INST.FED.DO RS/CAMPUS CAXIAS DO SUL,,
158329,158329 - IFSP - CAMPUS SÃO ROQUE,,
158330,158330 - IFSP - CAMPUS SÃO CARLOS,,
158331,158331 - IFSP - CAMPUS SERTÃOZINHO,,
158332,158332 - IFSP - CAMPUS CUBATÃO,,
158333,158333 - INST.FED.MATO GROSSO/CAMPUS CUIABÁ,,
158334,158334 - INST.FED.MATO GROSSO/CAMPUS CACERES,,
158335,158335 - INST.FED.MATO GROSSO/CAMPUS SÃO VICENTE,,
158336,158336 - INST.FED.DO TOCANTINS/CAMPUS PALMAS,,
158337,158337 - INST.FED.DO TOCANTINS/CAMPUS ARAGUATINS,,
158338,158338 - INST.FED.SUL RIO GRANDENSE/CAMPUS PASSO FUNDO,,
158339,158339 - INST.FED.SUL RIO GRANDENSE/CAMPUS SAPUCAIA,,
158340,158340 - INST.FED.SUL RIO GRANDENSE/CAMPUS CHARQUEADAS,,
158341,158341 - INST.FED.RONDONIA/CAMPUS COLORADO DO OESTE-RO,,
158342,158342 - INST.FED.RONDONIA/CAMPUS DE VILHENA - RO,,
158343,158343 - INST.FED.RONDONIA/CAMPUS ARIQUEMES-RO,,
158344,158344 - IFSP - CAMPUS BRAGANÇA PAULISTA,,
158345,158345 - INST.FED.RONDONIA/CAMPUS PORTO VELHO CALAMA,,
158346,158346 - IFSP - CAMPUS SÃO JOÃO DA BOA VISTA,,
158347,158347 - IFSP - CAMPUS CAMPOS DO JORDÃO,,
158348,158348 - IFSP - CAMPUS GUARULHOS,,
158349,158349 - IFSP - CAMPUS CARAGUATATUBA,,
158350,158350 - INST.FED.RORAIMA - CAMPUS BOA VISTA,,
158351,158351 - INST.FED.RORAIMA - CAMPUS NOVO PARAISO,,
158353,158353 - INST.FED.PIAUI/CAMPUS TERESINA CENTRAL,,
158354,158354 - INST.FED.PIAUÍ/CAMPUS TERESINA ZONA SUL,,
158355,158355 - INST.FED. PIAUI/CAMPUS FLORIANO,,
158356,158356 - INST.FED.PIAUI/CAMPUS PICOS,,
158357,158357 - INST.FED.PIAUI/CAMPUS PARNAIBA,,
158358,158358 - INST.FED.PIAUI/CAMPUS ANGICAL,,
158359,158359 - INST.FED.PIAUI/CAMPUS PAULISTANA,,
158360,158360 - INST.FED.PIAUI/CAMPUS PIRIPIRI,,
158361,158361 - INST.FED.PIAUI/CAMPUS SAO RAIMUNDO NONATO,,
158362,158362 - INST.FED.PIAUI/CAMPUS CORRENTE,,
158363,158363 - INST.FED.PIAUI/CAMPUS URUCUI,,
158364,158364 - IFSP - CAMPUS SALTO,,
158365,158365 - INST.FED DO RN/CAMPUS MOSSORO,,
158366,158366 - INST.FED. DO RN/CAMPUS CURRAIS NOVOS,,
158367,158367 - INST.FED. DO RN/CAMPUS IPANGUAÇU,,
158368,158368 - INST.FED.DO RN/CAMPUS NATAL - ZONA NORTE,,
158369,158369 - INST.FED.DO RN/CAMPUS NATAL - CENTRAL,,
158370,158370 - INST.FED. DO RN/CAMPUS CAICÓ,,
158371,158371 - INST.FED.DO RN/CAMPUS APODI,,
158372,158372 - INST.FED.DO RN/CAMPUS SANTA CRUZ,,
158373,158373 - INST.FED.DO RN/CAMPUS JOAO CAMARA,,
158374,158374 - INST.FED.DO RN/CAMPUS PAU DOS FERROS,,
158375,158375 - INST.FED.DO RN/CAMPUS MACAU,,
158376,158376 - INST.FED.RONDONIA/CAMPUS JI-PARANA,,
158377,158377 - INST.FED.DO NORTE DE MG/CAMPUS SALINAS,,
158378,158378 - INST.FED.DO NORTE DE MG/CAMPUS JANUARIA,,
158379,158379 - INST. FED. CATARINENSE/CAMPUS VIDEIRA,,
158380,158380 - INST.FED.DE ALAGOAS/CAMPUS MARECHAL DEODORO,,
158381,158381 - INST.FED DE ALAGOAS/CAMPUS MACEIO,,
158382,158382 - INST.FED. ALAGOAS/CAMPUS SATUBA,,
158383,158383 - INST.FED.DE ALAGOAS/CAMPUS PALMEIRA DOS IND.,,
158384,158384 - INST.FED. FLUMINENSE/CAMPUS MACAE,,
158385,158385 - INST.FED. FLUMINENSE/CAMPUS ITAPERUNA,,
158386,158386 - INST.FED. FLUMINENSE/CAMPUS GUARUS,,
158387,158387 - INST.FED  FLUMINENSE/CAMPUS B.JESUS DO ITABAP,,
158392,158392 - INST. FED. DE SERGIPE/CAMPUS SÃO CRISTOVÃO,,
158393,158393 - INST. FED. DE SERGIPE/CAMPUS ARACAJU,,
158394,158394 - INST. FED. DE SERGIPE/CAMPUS LAGARTO,,
158396,158396 - INST. FED. DO PARANÁ/CAMPUS FOZ DO IGUAÇU,,
158397,158397 - INST. FED. DO PARANÁ/CAMPUS PARANAGUA,,
158398,158398 - INST. FED. DO PARANÁ/CAMPUS PARANAVAI,,
158401,158401 - CENTRO DESENV SUSTENTAVEL DO SEMIARIDO-UFCG,,
158402,158402 - INST. FED. DO PARANÁ/CAMPUS UMUARAMA,,
158403,158403 - INST. FED. DA BAHIA/CAMPUS CAMAÇARI,,
158404,158404 - INST. FED. DA BAHIA/CAMPUS BARREIRAS,,
158405,158405 - INST. FED. DA BAHIA/CAMPUS VALENÇA,,
158406,158406 - INST. FED. DA BAHIA/CAMPUS SANTO AMARO,,
158407,158407 - INST. FED.DA BAHIA/CAMPUS SIMOES FILHO,,
158408,158408 - INST. FED. DA BAHIA/CAMPUS PORTO SEGURO,,
158409,158409 - INST. FED. DA BAHIA/CAMPUS VIT. DA CONQUISTA,,
158410,158410 - INST. FED. DA BAHIA/CAMPUS EUNAPOLIS,,
158411,158411 - INST. FED. DA BAHIA/CAMPUS SALVADOR,,
158412,158412 - INST FED SUDESTE DE MG/CAMPUS RIO POMBA,,
158413,158413 - INST FED SUDESTE DE MG/CAMPUS BARBACENA,,
158414,158414 - INST FED SUDESDE DE MG/CAMPUS JUIZ DE FORA,,
158415,158415 - INST FED SUDESTE DE MG/CAMPUS MURIAE,,
158416,158416 - INST.FED. ESPIRITO SANTO/CAMPUS VITORIA,,
158417,158417 - INST.FED. ESPIRITO SANTO/CAMPUS SERRA,,
158418,158418 - INST.FED. ESPIRITO SANTO/CAMPUS CACHOEIRO,,
158419,158419 - INST.FED. ESPIRITO SANTO/CAMPUS ARACRUZ,,
158420,158420 - INST.FED. ESPIRITO SANTO/CAMPUS LINHARES,,
158421,158421 - INST.FED. ESPIRITO SANTO/CAMPUS CARIACICA,,
158422,158422 - INST.FED. ESPIRITO SANTO/CAMPUS NOVA VENECIA,,
158423,158423 - INST.FED. ESPIRITO SANTO/CAMPUS SÃO MATEUS,,
158424,158424 - INST.FED. ESPIRITO SANTO/CAMPUS ITAPINA,,
158425,158425 - INST.FED. ESPIRITO SANTO/CAMPUS ALEGRE,,
158426,158426 - INST.FED. ESPIRITO SANTO/CAMPUS SANTA TERESA,,
158427,158427 - INST.FED. ESPIRITO SANTO/CAMPUS VILA VELHA,,
158428,158428 - INST.FED. ESPIRITO SANTO/CAMPUS IBATIBA,,
158429,158429 - INST.FED. ESPIRITO SANTO/CAMPUS V.N. DO IMIGR,,
158430,158430 - INST.FED.DE GOIAS/CAMPUS GOIANIA,,
158431,158431 - INST.FED.DE GOIAS/CAMPUS JATAI,,
158432,158432 - INST.FED.DE GOIAS/CAMPUS INHUMAS,,
158433,158433 - INST.FED.DE GOIÁS/CAMPUS ITUMBIARA,,
158434,158434 - T.FED.DE GOIAS/CAMPUS URUAÇU,,
158435,158435 - INST.FED.BAIANO/CAMPUS SENHOR DO BONFIM,,
158437,158437 - INST.FED.DO NORTE DE MG/CAMPUS MONTES CLAROS,,
158438,158438 - INST.FED.DO NORTE DE MG/CAMPUS ARINOS,,
158439,158439 - INST.FED.DO NORTE DE MG/CAMPUS ALMENARA,,
158440,158440 - INST.FED.DO NORTE DE MG/CAMPUS PIRAPORA,,
158441,158441 - INST.FED DO NORTE DE MG/CAMPUS ARACUAI,,
158442,158442 - INST. FED. BAIANO - CAMPUS GUANAMBI,,
158443,158443 - INST.FED.BAIANO/CAMPUS CATU,,
158444,158444 - INST.FED.DO AMAZONAS/CAMPUS MANAUS ZONA LESTE,,
158445,158445 - INST.FED.DO AMAZONAS/CAMPUS MANAUS CENTRO,,
158446,158446 - CAMPUS MANAUS DISTRITO INDUSTRIAL,,
158447,158447 - CAMPUS COARI,,
158448,158448 - INST.FED.DO MS/CAMPUS AQUIDAUANA,,
158449,158449 - INST. FED. DO MS/CAMPUS CAMPO GRANDE,,
158450,158450 - INST. FED. DO MS/CAMPUS CORUMBA,,
158451,158451 - INST. FED. DO MS/CAMPUS COXIM,,
158452,158452 - INST. FED. DO MS/CAMPUS NOVA ANDRADINA,,
158453,158453 - INST. FED. DO MS/CAMPUS PONTA PORA,,
158454,158454 - INST. FED. DO MS/CAMPUS TRES LAGOAS,,
158456,158456 - INST.FED.DO MARANHAO/CAMPUS CAXIAS,,
158457,158457 - INST.FED.DO MARANHAO/CAMPUS TIMON,,
158458,158458 - INST. FED. CATARINENSE/CAMPUS RIO DO SUL,,
158459,158459 - INST. FED. CATARINENSE/CAMPUS ARAQUARI,,
158460,158460 - INST. FED. CATARINENSE/CAMPUS CAMBORIU,,
158461,158461 - INST. FED. CATARINENSE/CAMPUS CONCORDIA,,
158462,158462 - INST. FED. CATARINENSE/CAMPUS SOMBRIO,,
158463,158463 - INST.FED.DO PE/CAMPUS IPOJUCA,,
158464,158464 - INST.FED. DO PE/CAMPUS RECIFE,,
158465,158465 - INST.FED.DO PE/CAMPUS VITORIA DE ST. ANTAO,,
158466,158466 - INST.FED. DO PE/CAMPUS BARREIROS,,
158467,158467 - INST.FED.DO SUL-RIO-GRANDENSE/CAMPUS PELOTAS,,
158468,158468 - INST.FED.FLUMINENSE/CAMPUS CABO FRIO,,
158469,158469 - INST.FED.DA PARAIBA/CAMPUS JOAO PESSOA,,
158470,158470 - INST.FED. DA PARAIBA/CAMPUS PATOS,,
158471,158471 - INST.FED.DA PARAIBA/CAMPUS PRINCESA ISABEL,,
158472,158472 - INST.FED. DA PARAIBA/CAMPUS DE MONTEIRO,,
158473,158473 - INST.FED. DA PARAIBA/CAMPUS DE PICUI,,
158474,158474 - INST.FED.DA PARAIBA/CAMPUS DE CABEDELO,,
158475,158475 - INST.FED. MINAS GERAIS/CAMPUS OURO PRETO,,
158476,158476 - INST.FED.MINAS GERAIS/CAMPUS S.J.EVANGELISTA,,
158477,158477 - INST.FED.DO PE/CAMPUS PESQUEIRA,,
158478,158478 - INST.FED DO PE/CAMPUS BELO JARDIM,,
158481,158481 - INST.FED.DO PARA/CAMPUS TUCURUI,,
158482,158482 - INST.FED.DO RJ/CAMPUS DUQUE DE CAXIAS,,
158483,158483 - 1NST.FED.DO RJ/CAMPUS NILOPOLIS,,
158484,158484 - INST.FED.DO RJ/CAMPUS PARACAMBI,,
158485,158485 - INST.FED.DO RJ/CAMPUS PINHEIRAL,,
158486,158486 - INST.FED.DO RJ/CAMPUS RJ - REALENGO,,
158487,158487 - INST.FED.DO RJ/CAMPUS SAO GONÇALO,,
158488,158488 - INST.FED.DO RJ/CAMPUS VOLTA REDONDA,,
158489,158489 - INST.FED.DO TOCANTINS/CAMPUS PARAISO DO TO,,
158492,158492 - INST.FED.MATO GROSSO/CAMPUS CAMPO N. PARECIS,,
158493,158493 - INST.FED.MATO GROSSO/CAMPUS JUINA,,
158494,158494 - INST.FED.MATO GROSSO/CAMPUS BELA VISTA,,
158495,158495 - INST.FED.MATO GROSSO/CAMPUS PONTES LACERDA,,
158496,158496 - INST.FED.MATO GROSSO/CAMPUS CONFRESA,,
158497,158497 - INST.FED.MATO GROSSO/CAMPUS BARRA DO GARÇAS,,
158498,158498 - INST.FED.MATO GROSSO/CAMPUS RONDONOPOLIS,,
158499,158499 - INST.FED.SERTAO PERNAMBUCANO/CAMPUS PETROLINA,,
158500,158500 - INST.FED.SERTAO PERNAMBUCANO/CAMPUS FLORESTA,,
158501,158501 - IFB - CAMPUS PLANALTINA,,
158502,158502 - INST.FED.DO RJ/CAMPUS RJ - MARACANÃ,,
158503,158503 - INST.FED.FARROUPILHA/CAMPUS DE SÃO BORJA,,
158504,158504 - INST.FED.FARROUPILHA/CAMPUS DE SANTA ROSA,,
158505,158505 - INST.FE.FARROUPILHA/CAMPUS PANAMBI,,
158506,158506 - INST.FED.DO PARÁ/CAMPUS BRAGANÇA,,
158507,158507 - INST.FED.DO PARÁ/CAMPUS ALTAMIRA,,
158508,158508 - INST.FED.DO PARÁ/CAMPUS ABAETETUBA,,
158509,158509 - INST.FED.DO PARÁ/CAMPUS CONCEIC. DO ARAGUAIA,,
158510,158510 - INST.FED.RORAIMA - CAMPUS AMAJARI,,
158511,158511 - INST.FED.DO TOCANTINS/CAMPUS ARAGUAINA,,
158512,158512 - INST.FED.DO PARÁ/CAMPUS INDUSTRIAL MARABÁ,,
158513,158513 - INST.FED. MINAS GERAIS/CAMPUS FORMIGA,,
158514,158514 - INST.FED. MINAS GERAIS/CAMPUS CONGONHAS,,
158515,158515 - UNIVERSIDADE FEDERAL DO OESTE DO PARA,,
158516,"158516 - INST.FED.DE EDUC.,CIENC.E TEC.DE STA.CATARINA",,
158517,158517 - UNIVERSIDADE FEDERAL DA FRONTEIRA SUL,,
158518,158518 - INST.FED.DO PARÁ/CAMPUS SANTARÉM,,
158520,158520 - IFSP - CAMPUS CATANDUVA,,
158522,158522 - INSTITUTO FEDERAL DE GOIÁS/CAMPUS ANÁPOLIS,,
158523,158523 - INSTITUTO FEDERAL DE GOIÁS/CAMPUS FORMOSA,,
158524,158524 - INSTITUTO FEDERAL DE GOIÁS/CAMPUS LUZIANIA,,
158525,158525 - IFSP - CAMPUS BIRIGUI,,
158526,158526 - IFSP - CAMPUS ITAPETININGA,,
158528,158528 - IFSP - CAMPUS PIRACICABA,,
158556,158556 - INST.FED.DO TOCANTINS/CAMPUS GURUPI,,
158557,158557 - INST.FED.DO TOCANTINS/CAMPUS PORTO NACIONAL,,
158560,158560 - CAMPUS PARINTINS,,
158561,158561 - CAMPUS TABATINGA,,
158562,158562 - CAMPUS PRESIDENTE FIGUEIREDO,,
158563,158563 - IFAM - CAMPUS MAUÉS,,
158564,158564 - CAMPUS LÁBREA,,
158565,158565 - UNIV.DA INTEG.INTERN.DA LUSOF.AFRO-BRASILEIRA,,
158566,158566 - IFSP - CAMPUS SUZANO,,
158567,158567 - INST.FED.DO PARÁ/CAMPUS ITAITUBA,,
158568,158568 - IF SERTÃO PE/CAMPUS SALGUEIRO,,
158570,158570 - IF SERTÃO PE/CAMPUS OURICURI,,
158578,158578 - IFSP - CAMPUS HORTOLÂNDIA,,
158579,158579 - IFSP - CAMPUS VOTUPORANGA,,
158581,158581 - IFSP - CAMPUS ARARAQUARA,,
158582,158582 - IFSP - CAMPUS AVARÉ,,
158583,158583 - IFSP - CAMPUS BARRETOS,,
158584,158584 - IFSP - CAMPUS PRESIDENTE EPITACIO,,
158585,158585 - INST. FED. DA BAHIA/CAMPI PAULO AFONSO,,
158586,158586 - IFSP - CAMPUS REGISTRO,,
158587,158587 - INST. FED. DA BAHIA/CAMPUS ILHEUS,,
158588,158588 - INST. FED. DA BAHIA/CAMPUS JEQUIE,,
158590,158590 - INST. FED. DA BAHIA/CAMPUS FEIRA DE SANTANA,,
158610,158610 - INST.FED.DE GOIÁS-CAMPUS APARECIDA DE GOIÂNIA,,
158611,158611 - INST. FED. DE GOIÁS - CAMPUS CIDADE DE GOIÁS,,
158658,158658 - UNIVERS. FEDERAL DA INTEG. LATINO AMERICANA,,
158667,158667 - IF GOIANO - CAMPUS IPORA,,
158674,158674 - INST.FED.DO RS/CAMPUS FARROUPILHA,,
158675,158675 - INST.FED.DO RS/CAMPUS IBIRUBÁ,,
158676,158676 - INST.FED.DO RS/CAMPUS FELIZ,,
158701,158701 - CENTRO DE CIENCIAS E TECNOLOGIA DA UFCG,,
158702,158702 - CENTRO DE HUMANIDADES DA UFCG,,
158705,158705 - HOSPITAL UNIVERSITARIO JULIO M BANDEIRA MELLO,,
158710,158710 - IFSP - CAMPUS BOITUVA,,
158711,158711 - IFSP - CAMPUS MATAO,,
158712,158712 - IFSP - CAMPUS CAPIVARI,,
158713,158713 - IFSP - CAMPUS SAO JOSE DOS CAMPOS,,
158714,158714 - IFSP - CAMPUS CAMPINAS,,
158719,158719 - UNIVERSIDADE FEDERAL DO CARIRI,,
158883,158883 - INST.FED.DO ESPÍRITO SANTO/CAMPUS GUARAPARI,,
158892,158892 - IFES/CAMPUS PIÚMA,,
160001,160001 - 7 BATALHAO DE ENGENHARIA DE CONSTRUCAO,,
160002,160002 - COMANDO DE FRONTEIRA ACRE/4 BIS,,
160003,160003 - 20 CIRCUNSCRICAO DE SERVICO MILITAR,,
160004,160004 - 59  BATALHAO DE INFANTARIA MOTORIZADO,,
160005,160005 - 54 BATALHAO DE INFANTARIA DE SELVA,,
160006,160006 - 1 BATALHAO DE INFANTARIA DE SELVA(AEROMOVEL),,
160007,160007 - 4 BATALHAO DE AVIAÇÃO DO EXERCITO,,
160008,160008 - CENTRO DE EMBARCACOES DO COM.MIL.DA AMAZONIA,,
160009,160009 - 12 INSPETORIA DE CONTAB.FINANCAS DO EXERCITO,,
160010,160010 - 29 CIRCUNSCRICAO DE SERVICO MILITAR,,
160011,160011 - 4 DIVISAO DE LEVANTAMENTO,,
160012,160012 - CENTRO DE INSTRUCAO DE GUERRA NA SELVA,,
160013,160013 - COLEGIO MILITAR DE MANAUS,,
160014,160014 - COMANDO 12 REGIAO MILITAR,,
160015,160015 - COMANDO 2 GRUPAMENTO ENGENHARIA,,
160016,160016 - COMANDO DO COMANDO MILITAR DA AMAZONIA,,
160017,160017 - COMISSAO REGIONAL DE OBRAS/12,,
160018,160018 - 12. BATALHAO DE SUPRIMENTO,,
160019,160019 - HOSPITAL DE GUARNICAO DE TABATINGA,,
160020,160020 - HOSPITAL MILITAR DE AREA DE MANAUS,,
160021,160021 - PARQUE REGIONAL DE MANUTENCAO/12,,
160022,160022 - 21 COMPANHIA DE ENGENHARIA CONSTRUCAO,,
160023,160023 - 10. COMPANHIA DE ENGENHARIA DE COMBATE,,
160024,160024 - COMANDO DE FRONTEIRA SOLIMOES/8 BIS,,
160026,160026 - COMANDO DE FRONTEIRA - AMAPA E 34 BIS,,
160027,160027 - 4 BATALHAO DE ENGENHARIA DE CONSTRUCAO,,
160028,160028 - 35 BATALHAO DE INFANTARIA,,
160029,160029 - 18 CIRCUNSCRICAO DE SERVICO MILITAR,,
160030,160030 - 1 COMPANHIA DE INFANTARIA,,
160032,160032 - 17 CIRCUNSCRICAO DE SERVICO MILITAR,,
160033,160033 - 19 BATALHAO DE CACADORES,,
160034,160034 - 4 COMPANHIA DE GUARDA,,
160035,160035 - DEPARTAMENTO DE CIENCIA E TECNOLOGIA_- GESTOR,,
160036,160036 - COMANDO 6 REGIAO MILITAR,,
160038,160038 - 6. DEPOSITO DE SUPRIMENTO,,
160039,160039 - HOSPITAL GERAL DE SALVADOR,,
160040,160040 - PARQUE REGIONAL DE MANUTENCAO/6,,
160041,160041 - 40 BATALHAO DE INFANTARIA,,
160044,160044 - 23 BATALHAO DE CACADORES,,
160045,160045 - 25 CIRCUNSCRICAO DE SERVICO MILITAR,,
160046,160046 - COLEGIO MILITAR DE FORTALEZA,,
160047,160047 - COMANDO 10 REGIAO MILITAR,,
160049,160049 - 10. DEPOSITO DE SUPRIMENTO,,
160050,160050 - HOSPITAL GERAL DE FORTALEZA,,
160051,160051 - PARQUE REGIONAL DE MANUTENCAO/10,,
160052,160052 - 1 REGIMENTO DE CAVALARIA DE GUARDA,,
160053,160053 - 11 GRUPO DE ARTILHARIA ANTIAEREA,,
160055,160055 - 16 BATALHAO LOGISTICO,,
160056,160056 - CENTRO DE IMAGENS E INFORM.GEOG.EXERCITO,,
160057,160057 - 3 ESQUADRAO DE CAVALARIA MECANIZADO,,
160058,160058 - 32 GRUPO DE ARTILHARIA DE CAMPANHA,,
160059,160059 - BATALHAO DE GUARDA PRESIDENCIAL,,
160060,160060 - BATALHAO DE POLICIA DO EXERCITO DE BRASILIA,,
160062,160062 - CENTRO DE INTELIGENCIA DO EXERCITO,,
160063,160063 - CENTRO DE PAGAMENTO DO EXERCITO,,
160064,160064 - COLEGIO  MILITAR DE BRASILIA,,
160065,160065 - COMANDO DA 11A. REGIAO MILITAR,,
160066,160066 - COMISSAO REGIONAL DE OBRAS/11,,
160067,160067 - DEPARTAMENTO DE ENGENHARIA E CONSTRUCAO,,
160068,160068 - DEPARTAMENTO DE EDUCACAO E CULTURA DO EXERCIT,,
160069,160069 - COMANDO LOGISTICO,,
160070,160070 - DEPARTAMENTO-GERAL DO PESSOAL,,
160072,160072 - 11. DEPOSITO DE SUPRIMENTO,,
160073,160073 - DIRETORIA DE GESTAO ORCAMENTARIA,,
160074,160074 - PARQUE REGIONAL DE MANUTENCAO/8,,
160075,160075 - D CONT - SETORIAL FINANCEIRA,,
160076,160076 - DEPARTAMENTO DE CIENCIA E TECNOLOGIA,,
160077,160077 - COLEGIO MILITAR DE CURITIBA,,
160078,160078 - COLEGIO MILITAR DE CAMPO GRANDE,,
160079,160079 - COLEGIO MILITAR DE SANTA MARIA,,
160081,160081 - 23 ESQUADRAO DE CAVALARIA DE SELVA,,
160082,160082 - PREFEITURA MILITAR DE BRASILIA,,
160083,160083 - ESTABELCIMENTO GEN GUSTAVO CORDEIRO FARIAS,,
160084,160084 - COLEGIO MILITAR DE RECIFE,,
160085,160085 - ESTADO-MAIOR DO EXERCITO,,
160086,160086 - GABINETE DO COMANDANTE DO EXERCITO,,
160088,160088 - HOSPITAL MILITAR DE AREA DE BRASILIA,,
160089,160089 - SECRETARIA DE ECONOMIA E FINANCAS,,
160090,160090 - SECRETARIA-GERAL DO EXERCITO,,
160091,160091 - CENTRO INTEGRADO DE TELEMATICA DO EXERCITO,,
160093,160093 - 38  BATALHAO DE INFANTARIA,,
160094,160094 - COMISSAO DO EXERCITO BRASILEIRO EM WASHINGTON,,
160095,160095 - 58 BATALHAO DE INFANTARIA MOTORIZADO,,
160098,160098 - BASE ADMINISTRATIVA DA BDA DE OP ESPECIAIS,,
160099,160099 - 7 CIRCUNSCRICAO DE SERVICO MILITAR,,
160100,160100 - COMANDO DA 3A BDA DE INFANTARIA   MOTORIZADA,,
160101,160101 - 23 COMPANHIA DE ENGENHARIA DE COMBATE,,
160102,160102 - 41 BATALHAO DE INFANTARIA MOTORIZADO,,
160103,160103 - 50 BATALHAO DE INFANTARIA DE SELVA,,
160104,160104 - 27 CIRCUNSCRICAO DE SERVICO MILITAR,,
160105,160105 - 24 BATALHAO DE INFANTARIA LEVE,,
160106,160106 - 11 BATALAHO DE ENGENHARIA DE CONSTRUCAO,,
160107,160107 - 11 CIRCUNSCRICAO DE SERVICO MILITAR,,
160108,160108 - 12 BATALHAO DE INFANTARIA,,
160109,160109 - 4 COMPANHIA DE COMUNICACOES,,
160110,160110 - COLEGIO MILITAR DE JUIZ DE FORA,,
160111,160111 - COMANDO DA 4A BDA DE INFANTARIA LEVE MONTANHA,,
160113,160113 - 4 BATALHAO DE ENGENHARIA DE COMBATE,,
160114,160114 - 10 BATALHAO DE INFANTARIA,,
160115,160115 - 12 CIRCUNSCRICAO DE SERVICO MILITAR,,
160116,160116 - 17 BATALHAO LOGISTICO,,
160117,160117 - 4 GRUPO DE ARTILHARIA DE CAMPANHA,,
160118,160118 - COMANDO DA 4ª REGIÃO MILITAR,,
160120,160120 - 4. DEPOSITO DE SUPRIMENTO,,
160121,160121 - HOSPITAL GERAL DE JUIZ DE FORA,,
160122,160122 - 55 BATALHAO DE INFANTARIA,,
160123,160123 - 14 GRUPO DE ARTILHARIA DE CAMPANHA,,
160125,160125 - 4 ESQUADRAO DE CAVALARIA MECANIZADO,,
160126,160126 - 11.BATALHAO DE INFANTARIA DE MONTANHA,,
160127,160127 - 4 GRUPO DE ARTILHARIA ANTIAEREA,,
160128,160128 - 13 CIRCUNSCRICAO DE SERVICO MILITAR,,
160129,160129 - ESCOLA DE SARGENTOS DAS ARMAS,,
160130,160130 - 36 BATALHAO DE INFANTARIA MOTORIZADO,,
160131,160131 - 17 REGIMENTO DE CAVALARIA MECANIZADO,,
160132,160132 - 9 BATALHAO DE ENGENHARIA DE COMBATE,,
160133,160133 - 10 REGIMENTO DE CAVALARIA MECANIZADO,,
160134,160134 - CENTRO DE INSTRUÇAO DE OPERAÇOES ESPECIAIS,,
160136,160136 - 18 BATALHAO LOGISTICO,,
160139,160139 - HOSPITAL DE GUARNICAO DE JOAO PESSOA,,
160140,160140 - COMANDO DA 9A.REGIAO MILITAR,,
160141,160141 - COMISSAO DE OBRAS DO 3º GRUPTO DE ENGENHARIA,,
160142,160142 - 9.BATALHAO DE SUPRIMENTO,,
160143,160143 - HOSPITAL MILITAR DE AREA DE CAMPO GRANDE,,
160144,160144 - 3A.COMPANHIA DE FRONTEIRA E FORTE COIMBRA,,
160145,160145 - 17 BATALHAO DE FRONTEIRA,,
160146,160146 - COMANDO DA 18 BRIGADA DE INF FRONTEIRA,,
160147,160147 - 47 BATALHAO DE INFANTARIA,,
160148,160148 - BASE DE ADMINISTRAÇÃO E APOIO DO CMP,,
160149,160149 - COMANDO 4 BRIGADA DE CAVALARIA MECANIZADA,,
160150,160150 - 4 COMPANHIA DE ENGENHARIA COMBATE MECANIZADA,,
160151,160151 - 9 GRUPO DE ARTILHARIA DE CAMPANHA,,
160152,160152 - 11 REGIMENTO DE CAVALARIA MECANIZADO,,
160153,160153 - 2 COMPANHIA DE FRONTEIRA,,
160155,160155 - 2  BATALHAO DE FRONTEIRA,,
160156,160156 - 44 BATALHAO DE INFANTARIA MOTORIZADO,,
160157,160157 - 9 BATALHAO DE ENGENHARIA DE CONSTRUCAO,,
160158,160158 - COMANDO 13  BDA DE INFANTARIA MOTORIZADA,,
160159,160159 - 18 GRUPO DE ARTILHARIA DE CAMPANHA,,
160160,160160 - 51 BATALHAO DE INFANTARIA DE SELVA,,
160161,160161 - 2 BATALHAO DE INFANTARIA DE SELVA,,
160162,160162 - 28 CIRCUNSCRICAO DE SERVICO MILITAR,,
160163,160163 - COMANDO DA 8 REGIAO MILITAR/8 DE,,
160165,160165 - 8. DEPOSITO DE SUPRIMENTO,,
160166,160166 - HOSPITAL GERAL DE BELEM,,
160167,160167 - 53 BATALHAO DE INFANTARIA DE SELVA,,
160168,160168 - HOSPITAL DA GUARNICAO DE MARABA,,
160169,160169 - 52 BATALHAO DE INFANTARIA DE SELVA,,
160170,160170 - COMANDO 23 BRIGADA DE INFANTARIA DE SELVA,,
160171,160171 - 8 BATALHAO DE ENGENHARIA DE CONSTRUCAO,,
160172,160172 - 16 REGIMENTO DE CAVALARIA MECANIZADO,,
160173,160173 - 31 BATALHAO DE INFANTARIA MOTORIZADO,,
160174,160174 - 15 BATALHAO DE INFANTARIA MOTORIZADO,,
160175,160175 - 23 CIRCUNSCRICAO DE SERVICO MILITAR,,
160176,160176 - COMANDO 1 GRUPAMENTO DE ENGENHARIA,,
160177,160177 - 71 BATALHAO DE INFANTARIA MOTORIZADO,,
160178,160178 - 14 BATALHAO DE INFANTARIA MOTORIZADO,,
160179,160179 - 3 DIVISAO DE LEVANTAMENTO,,
160180,160180 - 4 BATALHAO DE POLICIA DO EXERCITO,,
160181,160181 - 7 GRUPO DE ARTILHARIA DE CAMPANHA,,
160182,160182 - 7ª COMPANHIA DE COMUNICAÇÓES,,
160183,160183 - 72 BATALHAO DE INFANTARIA MOTORIZADO,,
160184,160184 - 10 ESQUADRAO DE CAVALARIA MECANIZADO,,
160185,160185 - 14 BATALHAO LOGISTICO,,
160187,160187 - 21 CIRCUNSCRICAO DE SERVICO MILITAR,,
160188,160188 - 4 BATALHAO DE COMUNICACOES,,
160189,160189 - 7  INSPETORIA DE CONTABILIDADE E FINANCAS,,
160191,160191 - CENTRO PREPARACAO OFICIAIS RESERVA/RECIFE,,
160193,160193 - COMANDO 10 BRIGADA DE INFANTARIA MOTORIZADA,,
160194,160194 - COMANDO 7 REGIAO MILITAR/7 DIV DE EXERCITO,,
160195,160195 - COMANDO DO COMANDO MILITAR DO NORDESTE,,
160198,160198 - 7.DEPOSITO DE SUPRIMENTO,,
160199,160199 - HOSPITAL MILITAR DE AREA DE RECIFE,,
160200,160200 - PARQUE REGIONAL DE MANUTENCAO/7,,
160201,160201 - COMISSAO REGIONAL DE OBRAS/7,,
160202,160202 - 3 BATALHAO DE ENGENHARIA DE CONSTRUCAO,,
160203,160203 - 2 BATALHAO DE ENGENHARIA DE CONSTRUCAO,,
160204,160204 - 25 BATALHAO DE CACADORES,,
160205,160205 - 26 CIRCUNSCRICAO DE SERVICO MILITAR,,
160206,160206 - 30 BATALHAO DE INFANTARIA MOTORIZADO,,
160207,160207 - 3º REGIMENTO DE CARROS DE COMBATE,,
160208,160208 - 33 BATALHAO DE INFANTARIA MOTORIZADO,,
160209,160209 - COMANDO 15 BRIGADA DE INFANTARIA MOTORIZADA,,
160211,160211 - 20 BATALHAO DE INFANTARIA BLINDADO,,
160212,160212 - 27 BATALHAO LOGISTICO,,
160213,160213 - 5 BATALHAO LOGISTICO,,
160214,160214 - 5 COMPANHIA DE COMUNICACOES BLINDADA,,
160216,160216 - 5 ESQUADRAO DE CAVALARIA MECANIZADA,,
160217,160217 - 5 GRUPO DE ARTILHARIA DE CAMPANHA/AP,,
160219,160219 - COMANDO 5 REGIAO MILITAR/5 DIVISAO  EXERCITO,,
160220,160220 - COMISSAO REGIONAL DE OBRAS/5,,
160222,160222 - 5. BATALHAO DE SUPRIMENTO,,
160223,160223 - HOSPITAL GERAL DE CURITIBA,,
160224,160224 - PARQUE REGIONAL DE MANUTENCAO/5,,
160226,160226 - 34 BATALHAO DE INFANTARIA MOTORIZADO,,
160227,160227 - 15ª COMPANHIA DE INFANTARIA MOTORIZADA,,
160228,160228 - 26 GRUPO DE ARTILHARIA DE CAMPANHA,,
160229,160229 - 15 GRUPO DE ART DE CAMPANHA AUTOPROPULSADO,,
160230,160230 - 15 COMPANHIA DE ENGENHARIA DE COMBATE,,
160232,160232 - 13 BATALHAO DE INFANTARIA BLINDADO,,
160233,160233 - COMANDO 5º BRIGADA DE CAVALARIA BLINDADA,,
160234,160234 - 5 REGIMENTO DE CARROS DE COMBATE,,
160236,160236 - 56 BATALHAO DE INFANTARIA,,
160237,160237 - CENTRO DE AVALIAÇÃO DO EXERCITO,,
160238,160238 - BASE DE APOIO LOGÍSTICO DO EXÉRCITO,,
160239,160239 - CENTRO DE RECUPERACAO DE ITATIAIA,,
160240,160240 - 9A. BATERIA DE ARTILHARIA ANTIAEREA,,
160241,160241 - ODONTOCLINICA CENTRAL DO EXÉRCITO,,
160244,160244 - COMANDO DE ARTILHARIA DIVISIONARIA DA 1 DE,,
160245,160245 - POLICLINICA MILITAR DE NITEROI,,
160246,160246 - DEPOSITO CENTRAL DE MUNICAO,,
160247,160247 - 32 BATALHAO DE INFANTARIA MOTORIZADO,,
160249,160249 - ACADEMIA MILITAR DAS AGULHAS NEGRAS,,
160250,160250 - 1 BATALHAO DE COMUNICACOES,,
160251,160251 - BATALHAO ESCOLA DE COMUNICACOES,,
160252,160252 - BATALHAO ESCOLA DE ENGENHARIA,,
160253,160253 - 1 BATALHAO DE GUARDA,,
160254,160254 - 1 BATALHAO DE INFANTARIA MOTORIZADO (ES),,
160255,160255 - 1 BATALHAO DE POLICIA DO EXERCITO,,
160259,160259 - 1 GRUPO DE ARTILHARIA ANTIAEREA,,
160260,160260 - 1 GRUPO DE ARTILHARIA DE CAMPANHA DE SELVA,,
160261,160261 - 1 INSPETORIA DE CONTABILIDADE E FINANCAS,,
160262,160262 - 1 REGIMENTO DE CARROS DE COMBATE,,
160263,160263 - 11 GRUPO DE ARTILHARIA DE CAMPANHA,,
160264,160264 - 111 COMPANHIA DE APOIO DE MATERIAL BELICO,,
160265,160265 - 15º REGIMENTO DE CAVALARIA MECANIZADO(ESCOLA),,
160267,160267 - 2 BATALHAO DE INFANTARIA MOTORIZADO (ES),,
160268,160268 - 2 CIRCUNSCRICAO DE SERVICO MILITAR,,
160270,160270 - 2º REGIMENTO DE CAVALARIA DE GUARDAS,,
160272,160272 - 21 GRUPO DE ARTILHARIA CAMPANHA,,
160274,160274 - 25 BATALHAO LOGISTICO (ES),,
160277,160277 - 31 GRUPO DE ARTILHARIA DE CAMPANHA (ES),,
160278,160278 - 5 DIVISAO DE LEVANTAMENTO,,
160279,160279 - 57 BATALHAO DE INFANTARIA MOTORIZADO (ES),,
160283,160283 - PREFEITURA MILITAR DA ZONA SUL,,
160285,160285 - ARSENAL DE GUERRA DO RIO,,
160286,160286 - BATALHAO DE MANUTENCAO DE ARMAMENTO,,
160287,160287 - BIBLIOTECA DO EXERCITO,,
160288,160288 - CAMPO DE INSTRUCAO DE GERICINO,,
160289,160289 - CENTRO DE EST.DE PES.E FORTE DUQUE DE CAXIAS,,
160290,160290 - CENTRO DE PREPARACAO OFICIAIS RESERVA/RJ,,
160291,160291 - CENTRO TECNOLOGICO DO EXERCITO,,
160292,160292 - COLEGIO MILITAR DO RIO DE JANEIRO,,
160293,160293 - CMDO DA 1 BRIGADA DE ARTILHARIA ANTIAEREA,,
160295,160295 - CMDO GRUPAMENTO UNID.ESCOLA/9ª BDA INF MTZ,,
160296,160296 - COMANDO BRIGADA INFANTARIA PARAQUEDISTA,,
160297,160297 - COMANDO DA 1   DIVISAO DE  EXERCITO,,
160298,160298 - COMANDO DA 1 REGIAO MILITAR,,
160299,160299 - COMANDO DO COMANDO MILITAR DO LESTE,,
160301,160301 - COMISSAO REGIONAL DE OBRAS/1,,
160303,160303 - BASE DE ADMINISTRAÇÃO E APOIO DA 1 RM,,
160304,160304 - DEPOSITO CENTRAL DE ARMAMENTO,,
160307,160307 - 1.DEPOSITO DE SUPRIMENTO,,
160311,160311 - ESCOLA DE APERFEICOAMENTO DE OFICIAIS,,
160312,160312 - ESCOLA DE ARTILHARIA DE COSTA E ANTIAEREA,,
160313,160313 - ESCOLA DE CMDO E ESTADO-MAIOR DO EXERCITO,,
160315,160315 - CENTRO DE CAP.FISIC.DO EXERCIT. FORT.SÃO JOAO,,
160317,160317 - ESCOLA DE INSTRUCAO ESPECIALIZADA,,
160318,160318 - ESCOLA DE SARGENTOS DE LOGISTICA,,
160319,160319 - ESCOLA DE SAUDE DO EXERCITO,,
160321,160321 - ESTABELECIMENTO CENTRAL DE TRANSPORTE,,
160322,160322 - HOSPITAL CENTRAL DO EXERCITO,,
160323,160323 - HOSPITAL GERAL DO RIO DE JANEIRO,,
160324,160324 - INSTITUTO DE BIOLOGIA DO EXERCITO,,
160327,160327 - INSTITUTO MILITAR DE ENGENHARIA,,
160328,160328 - LABORATORIO QUIMICO FARMACEUTICO DO EXERCITO,,
160329,160329 - PARQUE REGIONAL DE MANUTENÇAO 1A REG. MILITAR,,
160332,160332 - POLICLINICA MILITAR DA PRAIA VERMELHA,,
160334,160334 - POLICLINICA MILITAR DO RIO DE JANEIRO,,
160336,160336 - DIRETORIA DE FABRICAÇÃO,,
160338,160338 - 1 ESQUADRAO DE CAVALARIA LEVE,,
160339,160339 - 1 BATALHAO DE ENGENHARIA DE CONSTRUCAO,,
160340,160340 - 16 BATALHAO DE INFANTARIA MOTORIZADO,,
160341,160341 - 17 GRUPO DE ARTILHARIA DE CAMPANHA,,
160342,160342 - 24 CIRCUNSCRICAO DE SERVICO MILITAR,,
160343,160343 - 7 BATALHAO DE ENGENHARIA DE COMBATE,,
160344,160344 - COMANDO 7 BRIGADA DE INFANTARIA MOTORIZADA,,
160345,160345 - HOSPITAL DE GUARNICAO DE NATAL,,
160346,160346 - COMANDO DE FRONTEIRA RONDONIA/6 BIS,,
160347,160347 - 31 CIRCUNSCRICAO DE SERVICO MILITAR,,
160348,160348 - 5 BATALHAO DE ENGENHARIA DE CONSTRUCAO,,
160349,160349 - COMANDO DA 17 BRIGADA DE INFANTARIA DE SELVA,,
160350,160350 - 17A BASE LOGISTICA,,
160351,160351 - HOSPITAL DE GUARNICAO DE PORTO VELHO,,
160352,160352 - COMANDO DE FRONTEIRA DE RORAIMA/7 BIS,,
160353,160353 - 6 BATALHAO DE ENGENHARIA DE CONSTRUCAO,,
160354,160354 - 10 BATALHAO LOGISTICO,,
160355,160355 - 10 CIRCUNSCRICAO DE SERVICO MILITAR,,
160356,160356 - 12º BATALHAO DE ENG. DE COMBATE BLINDADO,,
160357,160357 - 12 COMPANHIA DE COMUNICACOES MECANIZADA,,
160358,160358 - 6 REGIMENTO DE CAVALARIA BLINDADO,,
160359,160359 - HOSPITAL DA GUARNICAO DE ALEGRETE,,
160360,160360 - 6 BATALHAO DE COMUNICACAO,,
160361,160361 - 25 GRUPO DE ARTILHARIA DE CAMPANHA,,
160362,160362 - 3 BATALHAO LOGISTICO,,
160363,160363 - 3 REGIMENTO DE CAVALARIA MECANIZADO,,
160364,160364 - COMANDO 3 BRIGADA DE CAVALARIA MECANIZADA,,
160365,160365 - HOSPITAL DE GUARNICAO DE BAGE,,
160366,160366 - 13 GRUPO DE ARTILHARIA DE CAMPANHA,,
160367,160367 - 3 BATALHAO DE ENGENHARIA DE COMBATE,,
160368,160368 - 3 BATALHAO DE SUPRIMENTO,,
160369,160369 - 3 GRUPO DE ARTILHARIA ANTIAEREA,,
160371,160371 - 29 GRUPO DE ARTILHARIA DE CAMPANHA AP,,
160372,160372 - COMANDO DE ARTILHARIA DIVISIONARIA/3 RM,,
160374,160374 - ARSENAL DE GUERRA GENERAL CAMARA,,
160375,160375 - 27 GRUPO DE ARTILHARIA DE CAMPANHA,,
160376,160376 - 1 REGIMENTO DE CAVALARIA MECANIZADO,,
160377,160377 - 8 ESQUADRAO DE CAVALARIA MECANIZADO,,
160378,160378 - 16. ESQUADRAO DE CAVALARIA MECANIZADA,,
160379,160379 - 9 BATALHAO DE INFANTARIA MOTORIZADO,,
160380,160380 - COMANDO 8 BRIGADA DE INFANTARIA MOTORIZADA,,
160382,160382 - 1 DIVISAO DE LEVANTAMENTO,,
160383,160383 - 12 REGIMENTO DE CAVALARIA MECANIZADO,,
160384,160384 - 18 BATALHAO DE INFANTARIA MOTORIZADO,,
160385,160385 - 3 BATALHAO DE COMUNICACOES,,
160386,160386 - 3 BATALHAO DE POLICIA DO EXERCITO,,
160387,160387 - 3 INSPETORIA DE CONTABILIDADE E FINANCAS,,
160388,160388 - 3 REGIMENTO DE CAVALARIA DE GUARDA,,
160389,160389 - 8 BATALHAO LOGISTICO,,
160390,160390 - 8 CIRCUNSCRICAO DE SERVICO MILITAR,,
160391,160391 - CENTRO DE PREPARACAO OFICIAIS RESERVA/PA,,
160392,160392 - CMDO DA 3 REGIAO MILITAR,,
160393,160393 - COLEGIO MILITAR DE PORTO ALEGRE,,
160395,160395 - COMANDO DO COMANDO MILITAR DO SUL,,
160396,160396 - COMISSAO REGIONAL DE OBRAS/3,,
160399,160399 - HOSPITAL MILITAR DE AREA DE PORTO ALEGRE,,
160400,160400 - POLICLINICA MILITAR DE PORTO ALEGRE,,
160401,160401 - 5 REGIMENTO DE CAVALARIA MECANIZADO,,
160402,160402 - 6 BATALHAO DE ENGENHARIA DE COMBATE,,
160403,160403 - 6 GRUPO DE ARTILHARIA DE CAMPANHA,,
160404,160404 - 4 REGIMENTO DE CARRROS DE COMBATE,,
160406,160406 - 13 COMPANHIA DEPOSITO ARMAMENTO E MUNICAO,,
160407,160407 - 29 BATALHAO DE INFANTARIA BLINDADO,,
160409,160409 - 3 GRUPO DE ARTILHARIA DE CAMPANHA/AP,,
160410,160410 - 4 BATALHAO LOGISTICO,,
160411,160411 - 7 BATALHAO DE INFANTARIA BLINDADO,,
160413,160413 - CMDO 3 DIVISAO DE EXERCITO,,
160414,160414 - COMANDO 6 BRIGADA DE INFANTARIA BLINDADA,,
160415,160415 - DEPOSITO DE SUBSISTENCIA SANTA MARIA,,
160416,160416 - HOSPITAL DE GUARNICAO DE SANTA MARIA,,
160417,160417 - PARQUE REGIONAL DE MANUTENCAO/3,,
160418,160418 - 19 REGIMENTO DE CAVALARIA MECANIZADO,,
160420,160420 - 19 GRUPO DE ARTILHARIA DE CAMPANHA,,
160421,160421 - 9 BATALHAO LOGISTICO,,
160422,160422 - COMANDO 1 BRIGADA DE CAVALARIA MECANIZADA,,
160423,160423 - HOSPITAL DE GUARNICAO DE SANTIAGO,,
160426,160426 - DEPOSITO DE SUBSISTENCIA SANTO ANGELO,,
160428,160428 - 2 REGIMENTO DE CAVALARIA MECANIZADO,,
160429,160429 - 13 COMPANHIA DE COMUNICACOES MECANIZADA,,
160430,160430 - 9 REGIMENTO DE CAVALARIA BLINDADO,,
160431,160431 - 4 REGIMENTO DE CAVALARIA BLINDADO,,
160432,160432 - 16 GRUPO DE ARTILHARIA DE CAMPANHA AP,,
160433,160433 - 19 BATALHAO DE INFANTARIA MOTORIZADO,,
160434,160434 - 2 BATERIA DE ARTILHARIA ANTIAEREA,,
160435,160435 - 7 REGIMENTO DE CAVALARIA MECANIZADO,,
160436,160436 - 22 GRUPO DE ARTILHARIA DE CAMP.AUTOPROPULSADO,,
160437,160437 - 8 REGIMENTO DE CAVALARIA MECANIZADO,,
160438,160438 - COMANDO 2 BRIGADA DE CAVALARIA MECANIZADA,,
160440,160440 - 23 BATALHAO DE INFANTARIA,,
160441,160441 - 28 GRUPO DE ARTILHARIA DE CAMPANHA,,
160443,160443 - 63 BATALHAO DE INFANTARIA,,
160444,160444 - COMANDO 14 BRIGADA INFANTARIA MOTORIZADA,,
160445,160445 - HOSPITAL DE GUARNICAO DE FLORIANOPOLIS,,
160446,160446 - 62 BATALHAO DE INFANTARIA,,
160447,160447 - 10 BATALHAO DE ENGENHARIA DE CONSTRUCAO,,
160448,160448 - 5º BATALHAO DE ENGENHARIA DE COMBATE BLINDADO,,
160450,160450 - 14 REGIMENTO DE CAVALARIA MECANIZADO,,
160453,160453 - 19 CIRCUNSCRICAO DE SERVICO MILITAR,,
160454,160454 - 28 BATALHAO DE CACADORES,,
160455,160455 - 20 GRUPO DE ARTILHARIA DE CAMPANHA LEVE,,
160456,160456 - 22 BATALHAO LOGISTICO LEVE,,
160457,160457 - BASE DE ADMINISTRACAO E APOIO DO IBIRAPUERA,,
160460,160460 - 6 CIRCUNSCRICAO DE SERVICO MILITAR,,
160462,160462 - COMANDO DA 12 BRIG.DE INFANT.LEVE (AEROMOVEL),,
160466,160466 - COMANDO 11 BRIGADA INFANTARIA LEVE (GLO),,
160468,160468 - ESCOLA PREPARATORIA DE CADETES DO EXERCITO,,
160469,160469 - 2º GRUPO DE ARTILHARIA DE CAMPANHA LEVE,,
160470,160470 - 12 GRUPO DE ARTILHARIA DE CAMPANHA,,
160471,160471 - 37º BATALHAO DE INFANTARIA LEVE,,
160472,160472 - 5 BATALHAO DE INFANTARIA LEVE,,
160473,160473 - 2 GRUPO DE ARTILHARIA ANTIAEREA,,
160474,160474 - 4  BATALHAO DE INFANTARIA LEVE,,
160476,160476 - 22.DEPOSITO DE SUPRIMENTO,,
160477,160477 - 2 BATALHAO DE ENGENHARIA DE COMBATE,,
160478,160478 - 13º REGIMENTO DE CAVALARIA MECANIZADO,,
160479,160479 - 6 GRUPO DE LANCADORES MULTIPLOS DE FOG/CIF,,
160480,160480 - 5 CIRCUNSCRICAO DE SERVICO MILITAR,,
160482,160482 - COMANDO/1A BRIGADA DE INFANTARIA DE SELVA,,
160484,160484 - 2 BATALHAO DE POLICIA DO EXERCITO,,
160485,160485 - 4 CIRCUNSCRICAO DE SERVICO MILITAR,,
160486,160486 - 3 CENTRO DE TELEMATICA DE AREA,,
160487,160487 - CENTRO DE PREPARACAO OFICIAIS RESERVAS/SP,,
160488,160488 - COMANDO DA 2  REGIAO MILITAR,,
160491,160491 - COMISSAO REGIONAL DE OBRAS/2,,
160494,160494 - 21.DEPOSITO DE SUPRIMENTO,,
160495,160495 - HOSPITAL MILITAR DE AREA DE SAO PAULO,,
160497,160497 - 2 INSPETORIA DE CONTABILIDADE E FINANCAS,,
160498,160498 - 2º BATALHAO DE INFANTARIA LEVE,,
160499,160499 - 14 CIRCUNSCRICAO DE SERVICO MILITAR,,
160501,160501 - MUSEU HISTORICO DO EXERCITO FORTE COPACABANA,,
160502,160502 - DEPARTAMENTO DE ENGENHARIA E CONSTRUCAO,,
160503,160503 - DEPARTAMENTO DE EDUCACAO E CULTURA DO EXERCIT,,
160504,160504 - COMANDO LOGISTICO - GESTOR,,
160505,160505 - DEPARTAMENTO-GERAL DO PESSOAL-GESTOR,,
160507,160507 - ESTADO-MAIOR DO EXERCITO-GESTOR,,
160508,160508 - GABINETE DO COMANDANTE DO EXERCITO - GESTOR,,
160509,160509 - SECRETARIA DE ECONOMIA E FINANCAS-GESTOR,,
160510,160510 - SECRETARIA-GERAL DO EXERCITO-GESTOR,,
160512,160512 - 20 REGIMENTO DE CAVALARIA BLINDADO,,
160513,160513 - PARQUE REGIONAL DE MANUTENCAO DA 9 RM,,
160514,160514 - COUDELARIA DE RINCAO,,
160515,160515 - COMANDO DA 2A BRIGADA DE INFANTARIA DE SELVA,,
160517,160517 - 3 COMPANHIA DO 63 BATALHAO DE INFANTARIA,,
160518,160518 - BASE DE AVIACAO DE TAUBATE,,
160520,160520 - 23 BATALHAO LOGISTICO DE SELVA,,
160521,160521 - 2A COMPANHIA DE INFANTARIA,,
160522,160522 - 28 BATALHAO LOGISITICO,,
160523,160523 - CENTRO DE PREP. DE OFICIAIS DA RESERVA DE BH,,
160524,160524 - 15 BATALHAO LOGISTICO,,
160525,160525 - ESCOLA DE FORMACÃO COMPLEMENTAR DO EXERCITO,,
160526,160526 - 3 COMPANHIA DE ENGENHARIA DE COMB. MECANIZADO,,
160528,160528 - BASE ADMINISTRATIVA DO C COM G E EX,,
160529,160529 - ARSENAL DE GUERRA DE SAO PAULO,,
160530,160530 - COMANDO DO COMANDO MILITAR DO OESTE,,
160531,160531 - ESCOLA DE APERFEICOAMENTO DE SARGENTOS,,
160536,160536 - 61. BATALHAO DE INFANTARIA DE SELVA,,
160537,160537 - COMANDO DA 16A BRIGADA DE INFANTARIA DE SELVA,,
160539,160539 - COMANDO DE OPERACOES TERRESTRES - GESTOR,,
160545,160545 - HOSPITAL DE GUARN. DE S. GABRIEL DA CACHOEIRA,,
160547,160547 - 22 BATALHAO DE INFANTARIA,,
160548,160548 - COMANDO DE OPERACOES TERRESTRES - UG,,
160942,160942 - 3º BTL INF SL - CONTROLE DE CUSTOS,,
160999,160999 - MEX - DIFERENCA CAMBIAL,,
164204,164204 - FUNDACAO OSORIO,,
167001,167001 - 7 BATALHAO DE ENGENHARIA DE CONSTRUCAO,,
167002,167002 - COMANDO DE FRONTEIRA ACRE/4 BIS,,
167003,167003 - 20 CIRCUNSCRICAO DE SERVICO MILITAR,,
167004,167004 - 59  BATALHAO DE INFANTARIA MOTORIZADO,,
167005,167005 - 54 BATALHAO DE INFANTARIA DE SELVA,,
167006,167006 - 1 BATALHAO DE INFANTARIA DE SELVA (AEROMOVEL),,
167007,167007 - 4 BATALHAO DE AVIAÇÃO DO EXERCITO,,
167008,167008 - CENTRO DE EMBARCACOES DO COM.MIL.DA AMAZONIA,,
167009,167009 - 12 INSPETORIA DE CONTAB.FINANCAS DO EXERCITO,,
167010,167010 - 29 CIRCUNSCRICAO DE SERVICO MILITAR,,
167011,167011 - 4 DIVISAO DE LEVANTAMENTO,,
167012,167012 - CENTRO DE INSTRUCAO DE GUERRA NA SELVA,,
167013,167013 - COLEGIO MILITAR DE MANAUS,,
167014,167014 - COMANDO 12 REGIAO MILITAR,,
167015,167015 - COMANDO 2 GRUPAMENTO ENGENHARIA,,
167016,167016 - COMANDO DO COMANDO MILITAR DA AMAZONIA,,
167017,167017 - COMISSAO REGIONAL DE OBRAS/12,,
167018,167018 - 12. BATALHAO DE SUPRIMENTO,,
167019,167019 - HOSPITAL DE GUARNICAO DE TABATINGA,,
167020,167020 - HOSPITAL MILITAR DE AREA DE MANAUS,,
167021,167021 - PARQUE REGIONAL DE MANUTENCAO/12,,
167022,167022 - 21  COMPANHIA DE ENGENHARIA DE CONSTRUÇÃO,,
167023,167023 - 10. COMPANHIA DE ENGENHARIA DE COMBATE,,
167024,167024 - COMANDO DE FRONTEIRA SOLIMOES/8 BIS,,
167026,167026 - COMANDO DE FRONTEIRA - AMAPA E 34 BIS,,
167027,167027 - 4 BATALHAO DE ENGENHARIA DE CONSTRUCAO,,
167028,167028 - 35 BATALHAO DE INFANTARIA,,
167029,167029 - 18 CIRCUNSCRICAO DE SERVICO MILITAR,,
167030,167030 - 1 COMPANHIA DE INFANTARIA,,
167032,167032 - 17 CIRCUNSCRICAO DE SERVICO MILITAR,,
167033,167033 - 19 BATALHAO DE CACADORES,,
167034,167034 - 4 COMPANHIA DE GUARDA,,
167036,167036 - COMANDO 6 REGIAO MILITAR,,
167038,167038 - 6. DEPOSITO DE SUPRIMENTO,,
167039,167039 - HOSPITAL GERAL DE SALVADOR,,
167040,167040 - PARQUE REGIONAL DE MANUTENCAO/6,,
167041,167041 - 40 BATALHAO DE INFANTARIA,,
167044,167044 - 23 BATALHAO DE CACADORES,,
167045,167045 - 25 CIRCUNSCRICAO DE SERVICO MILITAR,,
167046,167046 - COLEGIO MILITAR DE FORTALEZA,,
167047,167047 - COMANDO 10 REGIAO MILITAR,,
167049,167049 - 10. DEPOSITO DE SUPRIMENTO,,
167050,167050 - HOSPITAL GERAL DE FORTALEZA,,
167051,167051 - PARQUE REGIONAL DE MANUTENCAO/10,,
167052,167052 - 1 REGIMENTO DE CAVALARIA DE GUARDA,,
167053,167053 - 11 GRUPO DE ARTILHARIA ANTIAEREA,,
167055,167055 - 16 BATALHAO LOGISTICO,,
167056,167056 - CENTRO DE IMAGENS E INFORM.GEOGRAF.EXERCITO,,
167057,167057 - 3 ESQUADRAO DE CAVALARIA MECANIZADO,,
167058,167058 - 32 GRUPO DE ARTILHARIA DE CAMPANHA,,
167059,167059 - BATALHAO DE GUARDA PRESIDENCIAL,,
167060,167060 - BATALHAO DE POLICIA DO EXERCITO DE BRASILIA,,
167062,167062 - CENTRO DE INTELIGENCIA DO EXERCITO,,
167064,167064 - COLEGIO  MILITAR DE BRASILIA,,
167065,167065 - COMANDO DA 11A. REGIAO MILITAR,,
167066,167066 - COMISSAO REGIONAL DE OBRAS/11,,
167067,167067 - DEPARTAMENTO DE ENGENHARIA E CONSTRUCAO,,
167068,167068 - DEPARTAMENTO DE EDUCACAO E CULTURA DO EXERCIT,,
167069,167069 - COMANDO LOGISTICO,,
167070,167070 - DEPARTAMENTO-GERAL DO PESSOAL,,
167072,167072 - 11. DEPOSITO DE SUPRIMENTO,,
167074,167074 - PARQUE REGIONAL DE MANUTENCAO/8,,
167076,167076 - DEPARTAMENTO DE CIENCIA E TECNOLOGIA,,
167077,167077 - COLEGIO MILITAR DE CURITIBA,,
167078,167078 - COLEGIO MILITAR DE CAMPO GRANDE,,
167079,167079 - COLEGIO MILITAR DE SANTA MARIA,,
167081,167081 - 23 ESQUADRAO DE CAVALARIA DE SELVA,,
167082,167082 - PREFEITURA MILITAR DE BRASILIA,,
167083,167083 - ESTABELECIMENTO GEN GUSTAVO CORDEIRO FARIAS,,
167084,167084 - COLEGIO MILITAR DE RECIFE,,
167085,167085 - ESTADO-MAIOR DO EXERCITO,,
167086,167086 - FUNDO DO EXERCITO,,
167087,167087 - GABINETE DO COMANDANTE DO EXERCITO,,
167088,167088 - HOSPITAL MILITAR DE AREA DE BRASILIA,,
167089,167089 - SECRETARIA DE ECONOMIA E FINANCAS,,
167090,167090 - SECRETARIA-GERAL DO EXERCITO,,
167091,167091 - CENTRO INTEGRADO DE TELEMATICA DO EXERCITO,,
167093,167093 - 38  BATALHAO DE INFANTARIA,,
167094,167094 - COMISSAO DO EXERCITO BRASILEIRO EM WASHINGTON,,
167095,167095 - 58 BATALHAO DE INFANTARIA MOTORIZADO,,
167098,167098 - BASE ADMINISTRATIVA DA BDA DE OP.ESPECIAISS,,
167099,167099 - 7 CIRCUNSCRICAO DE SERVICO MILITAR,,
167100,167100 - COMANDO DA 3A BDA DE INFANTARIA   MOTORIZADA,,
167101,167101 - 23 COMPANHIA DE ENGENHARIA DE COMBATE,,
167102,167102 - 41 BATALHAO DE INFANTARIA MOTORIZADO,,
167103,167103 - 50 BATALHAO DE INFANTARIA DE SELVA,,
167104,167104 - 27 CIRCUNSCRICAO DE SERVICO MILITAR,,
167105,167105 - 24 BATALHAO DE INFANTARIA LEVE,,
167106,167106 - 11 BATALAHO DE ENGENHARIA DE CONSTRUCAO,,
167107,167107 - 11 CIRCUNSCRICAO DE SERVICO MILITAR,,
167108,167108 - 12 BATALHAO DE INFANTARIA,,
167109,167109 - 4 COMPANHIA DE COMUNICACOES,,
167110,167110 - COLEGIO MILITAR DE JUIZ DE FORA,,
167111,167111 - COMANDO DA 4A BDA DE INFANTARIA LEVE MONTANHA,,
167113,167113 - 4 BATALHAO DE ENGENHARIA DE COMBATE,,
167114,167114 - 10 BATALHAO DE INFANTARIA,,
167115,167115 - 12 CIRCUNSCRICAO DE SERVICO MILITAR,,
167116,167116 - 17 BATALHAO LOGISTICO,,
167117,167117 - 4 GRUPO DE ARTILHARIA DE CAMPANHA,,
167118,167118 - COMANDO DA 4ª REGIÃO MILITAR,,
167120,167120 - 4. DEPOSITO DE SUPRIMENTO,,
167121,167121 - HOSPITAL GERAL DE JUIZ DE FORA,,
167122,167122 - 55 BATALHAO DE INFANTARIA,,
167123,167123 - 14 GRUPO DE ARTILHARIA DE CAMPANHA,,
167125,167125 - 4 ESQUADRAO DE CAVALARIA MECANIZADO,,
167126,167126 - 11.BATALHAO DE INFANTARIA DE MONTANHA,,
167127,167127 - 4 GRUPO DE ARTILHARIA ANTIAEREA,,
167128,167128 - 13 CIRCUNSCRICAO DE SERVICO MILITAR,,
167129,167129 - ESCOLA DE SARGENTOS DAS ARMAS,,
167130,167130 - 36 BATALHAO DE INFANTARIA MOTORIZADO,,
167131,167131 - 17 REGIMENTO DE CAVALARIA MECANIZADO,,
167132,167132 - 9 BATALHAO DE ENGENHARIA DE COMBATE,,
167133,167133 - 10 REGIMENTO DE CAVALARIA MECANIZADO,,
167134,167134 - CENTRO DE INSTRUÇÃO DE OPERAÇÓES ESPECIAIS,,
167136,167136 - 18 BATALHAO LOGISTICO,,
167139,167139 - HOSPITAL DE GUARNICAO DE JOAO PESSOA,,
167140,167140 - COMANDO DA 9A.REGIAO MILITAR,,
167141,167141 - COMISSAO DE OBRAS DO 3º GRUPTO DE ENGENHARIA,,
167142,167142 - 9.BATALHAO DE SUPRIMENTO,,
167143,167143 - HOSPITAL MILITAR DE AREA DE CAMPO GRANDE,,
167144,167144 - 3A.COMPANHIA DE FRONTEIRA E FORTE COIMBRA,,
167145,167145 - 17 BATALHAO DE FRONTEIRA,,
167146,167146 - COMANDO DA 18 BRIGADA DE INF FRONTEIRA,,
167147,167147 - 47 BATALHAO DE INFANTARIA,,
167148,167148 - BASE DE ADMINISTRAÇÃO E APOIO/CMP,,
167149,167149 - COMANDO 4 BRIGADA DE CAVALARIA MECANIZADA,,
167150,167150 - 4 COMPANHIA ENGENHARIA CMB MEC,,
167151,167151 - 9 GRUPO DE ARTILHARIA DE CAMPANHA,,
167152,167152 - 11 REGIMENTO DE CAVALARIA MECANIZADO,,
167153,167153 - 2 COMPANHIA DE FRONTEIRA,,
167155,167155 - 2  BATALHAO DE FRONTEIRA,,
167156,167156 - 44 BATALHAO DE INFANTARIA MOTORIZADO,,
167157,167157 - 9 BATALHAO DE ENGENHARIA DE CONSTRUCAO,,
167158,167158 - COMANDO 13  BDA DE INFANTARIA MOTORIZADA,,
167159,167159 - 18 GRUPO DE ARTILHARIA DE CAMPANHA,,
167160,167160 - 51 BATALHAO DE INFANTARIA DE SELVA,,
167161,167161 - 2 BATALHAO DE INFANTARIA DE SELVA,,
167162,167162 - 28 CIRCUNSCRICAO DE SERVICO MILITAR,,
167163,167163 - COMANDO DA 8A REGIAO MILITAR,,
167165,167165 - 8. DEPOSITO DE SUPRIMENTO,,
167166,167166 - HOSPITAL GERAL DE BELEM,,
167167,167167 - 53 BATALHAO DE INFANTARIA DE SELVA,,
167168,167168 - HOSPITAL DA GUARNICAO DE MARABA,,
167169,167169 - 52 BATALHAO DE INFANTARIA DE SELVA,,
167170,167170 - COMANDO 23 BRIGADA DE INFANTARIA DE SELVA,,
167171,167171 - 8 BATALHAO DE ENGENHARIA DE CONSTRUCAO,,
167172,167172 - 16 REGIMENTO DE CAVALARIA MECANIZADO,,
167173,167173 - 31 BATALHAO DE INFANTARIA MOTORIZADO,,
167174,167174 - 15 BATALHAO DE INFANTARIA MOTORIZADO,,
167175,167175 - 23 CIRCUNSCRICAO DE SERVICO MILITAR,,
167176,167176 - COMANDO 1 GRUPAMENTO DE ENGENHARIA,,
167177,167177 - 71 BATALHAO DE INFANTARIA MOTORIZADO,,
167178,167178 - 14 BATALHAO DE INFANTARIA MOTORIZADO,,
167179,167179 - 3 DIVISAO DE LEVANTAMENTO,,
167180,167180 - 4 BATALHAO DE POLICIA DO EXERCITO,,
167181,167181 - 7 GRUPO DE ARTILHARIA DE CAMPANHA,,
167182,167182 - 7ª COMPANHIA DE COMUNICAÇÕES,,
167183,167183 - 72 BATALHAO DE INFANTARIA MOTORIZADO,,
167184,167184 - 10 ESQUADRAO DE CAVALARIA MECANIZADO,,
167185,167185 - 14 BATALHAO LOGISTICO,,
167187,167187 - 21 CIRCUNSCRICAO DE SERVICO MILITAR,,
167188,167188 - 4 BATALHAO DE COMUNICACOES DO EXERCITO,,
167189,167189 - 7  INSPETORIA DE CONTABILIDADE E FINANCAS,,
167191,167191 - CENTRO PREPARACAO OFICIAIS RESERVA/RECIFE,,
167193,167193 - COMANDO 10 BRIGADA DE INFANTARIA MOTORIZADA,,
167194,167194 - COMANDO 7 REGIAO MILITAR/7 DIV DE EXERCITO,,
167195,167195 - COMANDO DO COMANDO MILITAR DO NORDESTE,,
167198,167198 - 7.DEPOSITO DE SUPRIMENTO,,
167199,167199 - HOSPITAL MILITAR DE AREA DE RECIFE,,
167200,167200 - PARQUE REGIONAL DE MANUTENCAO/7,,
167201,167201 - COMISSAO REGIONAL DE OBRAS/7,,
167202,167202 - 3 BATALHAO DE ENGENHARIA DE CONSTRUCAO,,
167203,167203 - 2 BATALHAO DE ENGENHARIA DE CONSTRUCAO,,
167204,167204 - 25 BATALHAO DE CACADORES,,
167205,167205 - 26 CIRCUNSCRICAO DE SERVICO MILITAR,,
167206,167206 - 30 BATALHAO DE INFANTARIA MOTORIZADO,,
167207,167207 - 3º REGIMENTO DE CARROS DE COMBATE,,
167208,167208 - 33 BATALHAO DE INFANTARIA MOTORIZADO,,
167209,167209 - COMANDO 15 BRIGADA DE INFANTARIA MOTORIZADA,,
167211,167211 - 20 BATALHAO DE INFANTARIA BLINDADO,,
167212,167212 - 27 BATALHAO LOGISTICO,,
167213,167213 - 5 BATALHAO LOGISTICO,,
167214,167214 - 5 COMPANHIA DE COMUNICACOES BLINDADA,,
167216,167216 - 5 ESQUADRAO DE CAVALARIA MECANIZADA,,
167217,167217 - 5 GRUPO DE ARTILHARIA DE CAMPANHA/AP,,
167219,167219 - COMANDO 5 REGIAO MILITAR/5 DIVISAO  EXERCITO,,
167220,167220 - COMISSAO REGIONAL DE OBRAS/5,,
167222,167222 - 5. BATALHAO DE SUPRIMENTO,,
167223,167223 - HOSPITAL GERAL DE CURITIBA,,
167224,167224 - PARQUE REGIONAL DE MANUTENCAO/5,,
167226,167226 - 34 BATALHAO DE INFANTARIA MOTORIZADO,,
167227,167227 - 15ª COMPANHIA DE INFANTARIA MOTORIZADA,,
167228,167228 - 26 GRUPO DE ARTILHARIA DE CAMPANHA,,
167229,167229 - 15 GRUPO DE ART.DE CAMP.AUTOPROPULSADO-15 GAC,,
167230,167230 - 15 COMPANHIA DE ENGENHARIA DE COMBATE,,
167232,167232 - 13 BATALHAO DE INFANTARIA BLINDADO,,
167233,167233 - COMANDO 5º BRIGADA DE CAVALARIA BLINDADA,,
167234,167234 - 5 REGIMENTO DE CARROS DE COMBATE,,
167236,167236 - 56 BATALHAO DE INFANTARIA,,
167237,167237 - CENTRO DE AVALIAÇÃO DO EXERCITO,,
167238,167238 - BASE DE APOIO LOGÍSTICO DO EXÉRCITO,,
167239,167239 - CENTRO DE RECUPERACAO DE ITATIAIA,,
167240,167240 - 9ª BATERIA  DE ARTILHARIA ANTIAEREA,,
167241,167241 - ODONTOCLINICA CENTRAL DO EXÉRCITO,,
167244,167244 - COMANDO DE ARTILHARIA DIVISIONARIA DA 1 DE,,
167245,167245 - POLICLINICA MILITAR DE NITEROI,,
167246,167246 - DEPOSITO CENTRAL DE MUNICAO,,
167247,167247 - 32 BATALHAO DE INFANTARIA MOTORIZADO,,
167249,167249 - ACADEMIA MILITAR DAS AGULHAS NEGRAS,,
167250,167250 - 1 BATALHAO DE COMUNICACOES DIVISIONARIO,,
167251,167251 - BATALHAO ESCOLA DE COMUNICACOES,,
167252,167252 - BATALHAO ESCOLA DE ENGENHARIA,,
167253,167253 - 1 BATALHAO DE GUARDA,,
167254,167254 - 1 BATALHAO DE INFANTARIA MOTORIZADO (ES),,
167255,167255 - 1 BATALHAO DE POLICIA DO EXERCITO,,
167259,167259 - 1 GRUPO DE ARTILHARIA ANTIAEREA,,
167260,167260 - 1 GRUPO DE ARTILHARIA DE CAMPANHA DE SELVA,,
167261,167261 - 1 INSPETORIA DE CONTABILIDADE E FINANCAS,,
167262,167262 - 1 REGIMENTO DE CARROS DE COMBATE,,
167263,167263 - 11 GRUPO DE ARTILHARIA DE CAMPANHA,,
167264,167264 - 111 COMPANHIA DE APOIO DE MATERIAL BELICO,,
167265,167265 - 15º REGIMENTO DE CAVALARIA MECANIZADO(ESCOLA),,
167267,167267 - 2 BATALHAO DE INFANTARIA MOTORIZADO (ES),,
167268,167268 - 2 CIRCUNSCRICAO DE SERVICO MILITAR,,
167270,167270 - 2º REGIMENTO DE CAVALARIA DE GUARDAS,,
167272,167272 - 21 GRUPO DE ARTILHARIA CAMPANHA,,
167274,167274 - 25 BATALHAO LOGISTICO (ES),,
167277,167277 - 31 GRUPO DE ARTILHARIA DE CAMPANHA (ES),,
167278,167278 - 5 DIVISAO DE LEVANTAMENTO,,
167279,167279 - 57 BATALHAO DE INFANTARIA MOTORIZADO (ES),,
167283,167283 - PREFEITURA MILITAR DA ZONA SUL,,
167285,167285 - ARSENAL DE GUERRA DO RIO,,
167286,167286 - BATALHAO DE MANUTENCAO DE ARMAMENTO,,
167287,167287 - BIBLIOTECA DO EXERCITO,,
167288,167288 - CAMPO DE INSTRUCAO DE GERICINO,,
167289,167289 - CENTRO DE EST.DE PES.R FORTE DUQUE DE CAXIAS,,
167290,167290 - CENTRO DE PREPARACAO OFICIAIS RESERVA/RJ,,
167291,167291 - CENTRO TECNOLOGICO DO EXERCITO,,
167292,167292 - COLEGIO MILITAR DO RIO DE JANEIRO,,
167293,167293 - CMDO DA 1 BRIG.DE ARTILHARIA ANTI-AEREA,,
167295,167295 - CMDO GRUPAMENTO UNID.ESCOLA/9ª BDA INF MTZ,,
167296,167296 - COMANDO BRIGADA INFANTARIA PARAQUEDISTA,,
167297,167297 - COMANDO DA 1   DIVISAO DE  EXERCITO,,
167298,167298 - COMANDO DA 1 REGIAO MILITAR,,
167299,167299 - COMANDO DO COMANDO MILITAR DO LESTE,,
167301,167301 - COMISSAO REGIONAL DE OBRAS/1,,
167303,167303 - BASE DE ADMINISTRAÇÃO E APOIO DA 1 RM,,
167304,167304 - DEPOSITO CENTRAL DE ARMAMENTO,,
167307,167307 - 1.DEPOSITO DE SUPRIMENTO,,
167311,167311 - ESCOLA DE APERFEICOAMENTO DE OFICIAIS,,
167312,167312 - ESCOLA DE ARTILHARIA DE COSTA E ANTIAEREA,,
167313,167313 - ESCOLA DE CMDO E ESTADO-MAIOR DO EXERCITO,,
167315,167315 - CENTRO DE CAP.FISIC DO EXERC.E FORT.SAO JOAO,,
167317,167317 - ESCOLA DE INSTRUCAO ESPECIALIZADA,,
167318,167318 - ESCOLA DE SARGENTOS DE LOGISTICA,,
167319,167319 - ESCOLA DE SAUDE DO EXERCITO,,
167321,167321 - ESTABELECIMENTO CENTRAL DE TRANSPORTE,,
167322,167322 - HOSPITAL CENTRAL DO EXERCITO,,
167323,167323 - HOSPITAL GERAL DO RIO DE JANEIRO,,
167324,167324 - INSTITUTO DE BIOLOGIA DO EXERCITO,,
167327,167327 - INSTITUTO MILITAR DE ENGENHARIA,,
167328,167328 - LABORATORIO QUIMICO FARMACEUTICO DO EXERCITO,,
167329,167329 - PARQUE REGIONAL DE MANUTENÇAO 1A REG. MILITAR,,
167332,167332 - POLICLINICA MILITAR DA PRAIA VERMELHA,,
167334,167334 - POLICLINICA MILITAR DO RIO DE JANEIRO,,
167336,167336 - DIRETORIA DE FABRICAÇÃO,,
167338,167338 - 1 ESQUADRAO DE CAVALARIA LEVE,,
167339,167339 - 1 BATALHAO DE ENGENHARIA DE CONSTRUCAO,,
167340,167340 - 16 BATALHAO DE INFANTARIA MOTORIZADO,,
167341,167341 - 17 GRUPO DE ARTILHARIA DE CAMPANHA,,
167342,167342 - 24 CIRCUNSCRICAO DE SERVICO MILITAR,,
167343,167343 - 7 BATALHAO DE ENGENHARIA DE COMBATE,,
167344,167344 - COMANDO 7 BRIGADA DE INFANTARIA MOTORIZADA,,
167345,167345 - HOSPITAL DE GUARNICAO DE NATAL,,
167346,167346 - COMANDO DE FRONTEIRA RONDONIA/6 BIS,,
167347,167347 - 31 CIRCUNSCRICAO DE SERVICO MILITAR,,
167348,167348 - 5 BATALHAO DE ENGENHARIA DE CONSTRUCAO,,
167349,167349 - COMANDO DA 17 BRIGADA DE INFANTARIA DE SELVA,,
167350,167350 - 17A BASE LOGISTICA,,
167351,167351 - HOSPITAL DE GUARNICAO DE PORTO VELHO,,
167352,167352 - COMANDO DE FRONT.-RR E 7.BAT.DE INF.DE SELVA,,
167353,167353 - 6 BATALHAO DE ENGENHARIA DE CONSTRUCAO,,
167354,167354 - 10 BATALHAO LOGISTICO,,
167355,167355 - 10 CIRCUNSCRICAO DE SERVICO MILITAR,,
167356,167356 - 12º BATALHAO DE ENGENHARIA DE COMB.BLINDADO,,
167357,167357 - 12 COMPANHIA DE COMUNICACOES  MECANIZADA,,
167358,167358 - 6 REGIMENTO DE CAVALARIA BLINDADO,,
167359,167359 - HOSPITAL DA GUARNICAO DE ALEGRETE,,
167360,167360 - 6 BATALHAO DE COMUNICACAO DIVISIONARIO,,
167361,167361 - 25 GRUPO DE ARTILHARIA DE CAMPANHA,,
167362,167362 - 3 BATALHAO LOGISTICO,,
167363,167363 - 3 REGIMENTO DE CAVALARIA MECANIZADO,,
167364,167364 - COMANDO 3 BRIGADA DE CAVALARIA MECANIZADA,,
167365,167365 - HOSPITAL DE GUARNICAO DE BAGE,,
167366,167366 - 13 GRUPO DE ARTILHARIA DE CAMPANHA,,
167367,167367 - 3 BATALHAO DE ENGENHARIA DE COMBATE,,
167368,167368 - 3 BATALHAO DE SUPRIMENTO,,
167369,167369 - 3 GRUPO DE ARTILHARIA ANTIAEREA,,
167371,167371 - 29 GRUPO DE ARTILHARIA DE C.AUTO PROPULSADO,,
167372,167372 - COMANDO DE ARTILHARIA DIVISIONARIA/3,,
167374,167374 - ARSENAL DE GUERRA GENERAL CAMARA,,
167375,167375 - 27 GRUPO DE ARTILHARIA DE CAMPANHA,,
167376,167376 - 1 REGIMENTO DE CAVALARIA MECANIZADO,,
167377,167377 - 8 ESQUADRAO DE CAVALARIA MECANIZADO,,
167378,167378 - 16. ESQUADRAO DE CAVALARIA MECANIZADA,,
167379,167379 - 9 BATALHAO DE INFANTARIA MOTORIZADO,,
167380,167380 - COMANDO 8 BRIGADA DE INFANTARIA MOTORIZADA,,
167382,167382 - 1 DIVISAO DE LEVANTAMENTO,,
167383,167383 - 12 REGIMENTO DE CAVALARIA MECANIZADO,,
167384,167384 - 18 BATALHAO DE INFANTARIA MOTORIZADO,,
167385,167385 - 3 BATALHAO DE COMUNICACOES DO EXERCITO,,
167386,167386 - 3 BATALHAO DE POLICIA DO EXERCITO,,
167387,167387 - 3 INSPETORIA DE CONTABILIDADE E FINANCAS,,
167388,167388 - 3 REGIMENTO DE CAVALARIA DE GUARDA,,
167389,167389 - 8 BATALHAO LOGISTICO,,
167390,167390 - 8 CIRCUNSCRICAO DE SERVICO MILITAR,,
167391,167391 - CENTRO DE PREPARACAO OFICIAIS RESERVA/PA,,
167392,167392 - CMDO DA 3 REGIAO MILITAR,,
167393,167393 - COLEGIO MILITAR DE PORTO ALEGRE,,
167395,167395 - COMANDO DO COMANDO MILITAR DO SUL,,
167396,167396 - COMISSAO REGIONAL DE OBRAS/3,,
167399,167399 - HOSPITAL MILITAR DE AREA DE PORTO ALEGRE,,
167400,167400 - POLICLINICA MILITAR DE PORTO ALEGRE,,
167401,167401 - 5 REGIMENTO DE CAVALARIA MECANIZADO,,
167402,167402 - 6 BATALHAO DE ENGENHARIA DE COMBATE,,
167403,167403 - 6 GRUPO DE ARTILHARIA DE CAMPANHA,,
167404,167404 - 4 REGIMENTO DE CARRROS DE COMBATE,,
167406,167406 - 13 COMPANHIA DEPOSITO ARMAMENTO E MUNICAO,,
167407,167407 - 29 BATALHAO DE INFANTARIA BLINDADO,,
167409,167409 - 3 GRUPO DE ARTILHARIA DE CAMPANHA/AP,,
167410,167410 - 4 BATALHAO LOGISTICO,,
167411,167411 - 7 BATALHAO DE INFANTARIA BLINDADO,,
167413,167413 - CMDO 3 DIVISAO DE EXERCITO,,
167414,167414 - COMANDO 6 BRIGADA DE INFANTARIA BLINDADA,,
167415,167415 - DEPOSITO DE SUBSISTENCIA SANTA MARIA,,
167416,167416 - HOSPITAL DE GUARNICAO DE SANTA MARIA,,
167417,167417 - PARQUE REGIONAL DE MANUTENCAO/3,,
167418,167418 - 19 REGIMENTO DE CAVALARIA MECANIZADO,,
167420,167420 - 19 GRUPO DE ARTILHARIA DE CAMPANHA,,
167421,167421 - 9 BATALHAO LOGISTICO,,
167422,167422 - COMANDO 1 BRIGADA DE CAVALARIA MECANIZADA,,
167423,167423 - HOSPITAL DE GUARNICAO DE SANTIAGO,,
167426,167426 - DEPOSITO DE SUBSISTENCIA SANTO ANGELO,,
167428,167428 - 2 REGIMENTO DE CAVALARIA MECANIZADO,,
167429,167429 - 13 COMPANHIA DE COMUNICACOES MECANIZADA,,
167430,167430 - 9 REGIMENTO DE CAVALARIA BLINDADO,,
167431,167431 - 4 REGIMENTO DE CAVALARIA BLINDADO,,
167432,167432 - 16 GRUPO DE ARTILHARIA DE CAMP.AUTOPROPULSADO,,
167433,167433 - 19 BATALHAO DE INFANTARIA MOTORIZADO,,
167434,167434 - 2 BATERIA DE ARTILHARIA ANTIAEREA,,
167435,167435 - 7 REGIMENTO DE CAVALARIA MECANIZADO,,
167436,167436 - 22 GRUPO DE ARTILHARIA DE CAMP AUTOPROPULSADO,,
167437,167437 - 8 REGIMENTO DE CAVALARIA MECANIZADO,,
167438,167438 - COMANDO 2 BRIGADA DE CAVALARIA MECANIZADA,,
167440,167440 - 23 BATALHAO DE INFANTARIA,,
167441,167441 - 28 GRUPO DE ARTILHARIA DE CAMPANHA,,
167443,167443 - 63 BATALHAO DE INFANTARIA,,
167444,167444 - COMANDO 14 BRIGADA INFANTARIA MOTORIZADA,,
167445,167445 - HOSPITAL DE GUARNICAO DE FLORIANOPOLIS,,
167446,167446 - 62 BATALHAO DE INFANTARIA,,
167447,167447 - 10 BATALHAO DE ENGENHARIA DE CONSTRUCAO,,
167448,167448 - 5º BATALHAO DE ENGENHARIA DE COMBATE BLINDADO,,
167450,167450 - 14 REGIMENTO DE CAVALARIA MECANIZADO,,
167453,167453 - 19 CIRCUNSCRICAO DE SERVICO MILITAR,,
167454,167454 - 28 BATALHAO DE CACADORES,,
167455,167455 - 20 GRUPO DE ARTILHARIA DE CAMPANHA,,
167456,167456 - 22 BATALHAO LOGISTICO LEVE,,
167457,167457 - BASE DE ADMINISTRACAO E APOIO DO IBIRAPUERA,,
167460,167460 - 6 CIRCUNSCRICAO DE SERVICO MILITAR,,
167462,167462 - COMANDO DA 12 BRIG.DE INFANT.LEVE (AEROMOVEL),,
167466,167466 - COMANDO 11 BRIGADA INFANTARIA LEVE (GLO),,
167468,167468 - ESCOLA PREPARATORIA DE CADETES DO EXERCITO,,
167469,167469 - 2º GRUPO DE ARTILHARIA DE CAMPANHA LEVE,,
167470,167470 - 12 GRUPO DE ARTILHARIA DE CAMPANHA,,
167471,167471 - 37º BATALHAO DE INFANTARIA LEVE,,
167472,167472 - 5 BATALHAO DE INFANTARIA LEVE - 5 B I L,,
167473,167473 - 2 GRUPO DE ARTILHARIA ANTIAEREA,,
167474,167474 - 4 BATALHAO  DE INFANTARIA LEVE,,
167476,167476 - 22.DEPOSITO DE SUPRIMENTO,,
167477,167477 - 2 BATALHAO DE ENGENHARIA DE COMBATE,,
167478,167478 - 13º REGIMENTO DE CAVALARIA MECANIZADO,,
167479,167479 - 6 GRUPO DE LANCADORES MULTIPLOS DE FOG/CIF,,
167480,167480 - 5 CIRCUNSCRICAO DE SERVICO MILITAR,,
167482,167482 - COMANDO/1A BRIGADA DE INFANTARIA DE SELVA,,
167484,167484 - 2 BATALHAO DE POLICIA DO EXERCITO,,
167485,167485 - 4 CIRCUNSCRICAO DE SERVICO MILITAR,,
167486,167486 - 3 CENTRO DE TELEMATICA DE AREA,,
167487,167487 - CENTRO DE PREPARACAO OFICIAIS RESERVAS/SP,,
167488,167488 - COMANDO DA 2  REGIAO MILITAR,,
167491,167491 - COMISSAO REGIONAL DE OBRAS/2,,
167494,167494 - 21.DEPOSITO DE SUPRIMENTO,,
167495,167495 - HOSPITAL MILITAR DE AREA DE SAO PAULO,,
167497,167497 - 2 INSPETORIA DE CONTABILIDADE E FINANCAS,,
167498,167498 - 2º BATALHAO DE INFANTARIA LEVE,,
167499,167499 - 14 CIRCUNSCRICAO DE SERVICO MILITAR,,
167501,167501 - MUSEU HISTORICO DO EXERCITO FORTE COPACABANA,,
167512,167512 - 20 REGIMENTO DE CAVALARIA BLINDADO,,
167513,167513 - PARQUE REGIONAL DE MANUTENCAO DA 9 REG.MILITA,,
167514,167514 - COUDELARIA DE RINCAO,,
167515,167515 - COMANDO DA 2A BRIGADA DE INFANTARIA DE SELVA,,
167517,167517 - 3 COMPANHIA DO 63 BATALHAO DE INFANTARIA,,
167518,167518 - BASE DE AVIACAO DE TAUBATE,,
167520,167520 - 23 BATALHAO LOGISTICO DE SELVA,,
167521,167521 - 2A COMPANHIA DE INFANTARIA,,
167522,167522 - 28 BATALHAO LOGISITICO,,
167523,167523 - CENTRO DE PREP. DE OFICIAIS DA RESERVA DE BH,,
167524,167524 - 15 BATALHAO LOGISTICO,,
167525,167525 - ESCOLA DE FORMACAO COMPLEMENTAR DO EXERCITO,,
167526,167526 - 3 COMPANHIA DE ENGENHARIA DE COMB. MECANIZADO,,
167528,167528 - BASE ADMINISTRATIVA DO C COM G E EX,,
167529,167529 - ARSENAL DE GUERRA DE SAO PAULO,,
167530,167530 - COMANDO DO COMANDO MILITAR DO OESTE,,
167531,167531 - ESCOLA DE APERFEICOAMENTO DE SARGENTOS,,
167536,167536 - 61. BATALHAO DE INFANTARIA DE SELVA,,
167537,167537 - COMANDO DA 16A BRIGADA DE INFANTARIA DE SELVA,,
167545,167545 - HOSPITAL DE GUARN. DE S. GABRIEL DA CACHOEIRA,,
167547,167547 - 22 BATALHAO DE INFANTARIA,,
167548,167548 - COMANDO DE OPERACOES TERRESTRES - UG,,
167999,167999 - FDO EXERCITO - DIFERENCA CAMBIAL,,
168002,168002 - INDÚSTRIA DE MATERIAL BÉLICO DO BRASIL/GESTOR,,
168003,168003 - INDUSTRIA DE MATERIAL BELICO DO BRASIL - SEDE,,
168004,168004 - INDUSTRIA DE MATERIAL BELICO DO BRASIL/FPV,,
168005,168005 - INDUSTRIA DE MATERIAL BELICO DO BRASIL/FI,,
168006,168006 - INDUSTRIA DE MATERIAL BELICO DO BRASIL/FJF,,
168007,168007 - INDUSTRIA DE MATERIAL BELICO DO BRASIL/FMCE,,
168008,168008 - INDUSTRIA DE MATERIAL BELICO DO BRASIL/FE,,
170004,170004 - SECRETARIA DE ACOMPANHAMENTO ECONOMICO/MF,,
170006,170006 - COORDENACAO-GERAL DE GESTÃO DE PESSOAS - MF,,
170007,170007 - COORD.-GERAL DE DESENVOL.INSTITUCIONAL-CODIN/,,
170008,170008 - PROCURADORIA GERAL DA FAZENDA NACIONAL,,
170009,170009 - ESCOLA DE ADMINISTRACAO FAZENDARIA,,
170010,170010 - SECRETARIA DA RECEITA FEDERAL DO BRASIL-RFB,,
170011,170011 - SECRETARIA DO PATRIMONIO DA UNIAO,,
170013,"170013 - SUBSEC. DE PLANEJ., ORC. E ADMINISTRACAO-MF",,
170017,170017 - CENTRO REGIONAL DE TREINAMENTO DA ESAF/DF,,
170018,170018 - SUPERITENDENCIA REGIONAL DA RFB NA 1A RF,,
170019,170019 - DELEGACIA DA RFB EM BRASILIA,,
170020,170020 - ALFANDEGA DA RFB AEROP.INTERNAC.DE BRASILIA,,
170021,170021 - SUPERINTENDENCIA DO PATRIMONIO DA UNIAO/DF,,
170022,170022 - ALFANDEGA DA RFB PORTO DE BELEM,,
170024,170024 - DELEGACIA DA RFB EM MACAPA,,
170025,170025 - SUPERINTENDÊNCIA DE ADMINISTRAÇÃO DO MF/MA,,
170028,170028 - DELEGACIA DA RFB EM SAO LUIS,,
170030,170030 - DELEGACIA DA RFB EM IMPERATRIZ,,
170032,170032 - SUPERINTENDÊNCIA DE ADMINISTRAÇÃO DO MF/PI,,
170035,170035 - DELEGACIA DA RFB EM TERESINA,,
170038,170038 - SUPERINTENDÊNCIA DE ADMINISTRAÇÃO DO MF/CE,,
170039,170039 - CENTRO REGIONAL DE TREINAMENTO DA ESAF/CE,,
170040,170040 - SUPERINTENDENCIA REGIONAL DA RFB NA 3A RF,,
170041,170041 - DELEGACIA DA RFB EM FORTALEZA,,
170042,170042 - DELEGACIA DA RFB EM JUAZEIRO DO NORTE,,
170045,170045 - SUPERINTENDÊNCIA DE ADMINISTRAÇÃO DO MF/RN,,
170047,170047 - DELEGACIA DA RFB EM NATAL,,
170050,170050 - SUPERINTENDÊNCIA DE ADMINISTRAÇÃO DO MF/PB,,
170052,170052 - DELEGACIA DA RFB EM JOAO PESSOA,,
170055,170055 - SUPERINTENDÊNCIA DE ADMINISTRAÇÃO DO MF/PE,,
170057,170057 - CENTRO REGIONAL DE TREINAMENTO DA ESAF/PE,,
170058,170058 - SUPERINTENDENCIA REGIONAL DA RFB NA 4A RF,,
170059,170059 - DELEGACIA DA RFB EM RECIFE,,
170060,170060 - DELEGACIA DA RFB EM CARUARU,,
170061,170061 - INSPETORIA DA RFB EM RECIFE,,
170064,170064 - SUPERINTENDÊNCIA DE ADMINISTRAÇÃO DO MF/AL,,
170066,170066 - DELEGACIA DA RFB EM MACEIO,,
170069,170069 - SUPERINTENDÊNCIA DE ADMINISTRAÇÃO DO MF/SE,,
170072,170072 - DELEGACIA DA RFB EM ARACAJU,,
170075,170075 - SUPERINTENDÊNCIA DE ADMINISTRAÇÃO DO MF/BA,,
170077,170077 - CENTRO REGIONAL DE TREINAMENTO DA ESAF/BA,,
170078,170078 - SUPERINTENDENCIA REGIONAL DA RFB NA 5A RF,,
170079,170079 - DELEGACIA DA RFB EM SALVADOR,,
170080,170080 - DELEGACIA DA RFB EM FEIRA DE SANTANA,,
170081,170081 - DELEGACIA DA RFB EM VITORIA DA CONQUISTA,,
170085,170085 - SUPERINTENDÊNCIA DE ADMINISTRAÇÃO DO MF/MG,,
170087,170087 - CENTRO REGIONAL DE TREINAMENTO DA ESAF/MG,,
170088,170088 - SUPERINTENDENCIA REGIONAL DA RFB NA 6A RF,,
170089,170089 - DELEGACIA DA RFB EM BELO HORIZONTE,,
170091,170091 - DELEGACIA DA RFB EM GOVERNADOR VALADARES,,
170092,170092 - DELEGACIA DA RFB EM JUIZ DE FORA,,
170093,170093 - DELEGACIA DA RFB EM UBERABA,,
170094,170094 - DELEGACIA DA RFB EM VARGINHA,,
170095,170095 - DELEGACIA DA RFB EM DIVINOPOLIS,,
170096,170096 - DELEGACIA DA RFB EM MONTES CLAROS,,
170097,170097 - DELEGACIA DA RFB EM UBERLANDIA,,
170100,170100 - SUPERINTENDÊNCIA DE ADMINISTRAÇÃO DO MF/ES,,
170102,170102 - ALFANDEGA DA RFB PORTO DE VITORIA,,
170103,170103 - DELEGACIA DA RFB EM VITORIA,,
170106,170106 - SUPERINTENDÊNCIA DE ADMINISTRAÇÃO DO MF/MS,,
170108,170108 - ALFANDEGA DA RFB PORTO DE FORTALEZA,,
170109,170109 - DELEGACIA DA RFB EM CAMPO GRANDE,,
170110,170110 - INSPETORIA DA RFB EM CORUMBA,,
170111,170111 - INSPETORIA DA RFB EM PONTA PORA,,
170114,170114 - SUPERINTENDÊNCIA DE ADMINISTRAÇÃO DO MF/RJ,,
170115,170115 - CENTRO REGIONAL DE TREINAMENTO DA ESAF/RJ,,
170116,170116 - SUPERINTENDENCIA REGIONAL DA RFB NA 7A RF,,
170118,170118 - ALFANDEGA DA RFB PORTO DO RIO DE JANEIRO,,
170119,170119 - DELEGACIA DA RFB EM VOLTA REDONDA,,
170120,170120 - DELEGACIA DA RFB EM CAMPOS GOYTACAZES,,
170121,170121 - DELEGACIA DA RFB EM NITEROI,,
170122,170122 - DELEGACIA DA RFB EM NOVA IGUACU,,
170125,170125 - ALFANDEGA DA RFB AEROP.INTERNAC. RIO JANEIRO,,
170131,170131 - SUPERINTENDÊNCIA DE ADMINISTRAÇÃO DO MF/SP,,
170132,170132 - CENTRO REGIONAL DE TREINAMENTO DA ESAF/SP,,
170133,170133 - SUPERINTENDENCIA REGIONAL DA RFB NA 8A RF,,
170134,170134 - DELEGACIA DA RFB EM ARACATUBA,,
170135,170135 - DELEGACIA DA RFB EM BAURU,,
170136,170136 - DELEGACIA DA RFB EM CAMPINAS,,
170137,170137 - DELEGACIA DA RFB EM PRESIDENTE PRUDENTE,,
170138,170138 - DELEGACIA DA RFB EM RIBEIRAO PRETO,,
170139,170139 - DELEGACIA DA RFB EM S.JOSE DO RIO PRETO,,
170141,170141 - DELEGACIA DA RFB EM SANTOS,,
170142,170142 - DELEGACIA DA RFB EM SOROCABA,,
170143,170143 - DELEGACIA DA RFB EM TAUBATE,,
170144,170144 - DELEGACIA DA RFB EM GUARULHOS,,
170145,170145 - DELEGACIA DA RFB EM LIMEIRA,,
170146,170146 - DELEGACIA DA RFB EM OSASCO,,
170147,170147 - DELEGACIA DA RFB EM SANTO ANDRE,,
170148,170148 - ALFANDEGA DA RFB AEROP.INTERNAC.DE VIRACOPOS,,
170150,170150 - ALFANDEGA DA RFB AEROP.INTERNAC.DE GUARULHOS,,
170153,170153 - SUPERINTENDÊNCIA DE ADMINISTRAÇÃO DO MF/PR,,
170155,170155 - CENTRO REGIONAL DE TREINAMENTO DA ESAF/PR,,
170156,170156 - SUPERINTENDENCIA REGIONAL DA RFB NA 9A RF,,
170157,170157 - DELEGACIA DA RFB EM CASCAVEL,,
170158,170158 - DELEGACIA DA RFB EM CURITIBA,,
170159,170159 - DELEGACIA DA RFB EM LONDRINA,,
170160,170160 - DELEGACIA DA RFB EM PONTA GROSSA,,
170161,170161 - DELEGACIA DA RFB EM MARINGA,,
170162,170162 - DELEGACIA DA RFB EM FOZ DO IGUACU,,
170163,170163 - ALFANDEGA DA RFB PORTO DE PARANAGUA,,
170164,170164 - SUPERINTENDÊNCIA DO PATRIMÔNIO DA UNIÃO/PR,,
170166,170166 - SUPERINTENDÊNCIA DE ADMINISTRAÇÃO DO MF/SC,,
170168,170168 - ALFANDEGA DA RFB PORTO DE SANTOS,,
170169,170169 - DELEGACIA DA RFB EM FLORIANOPOLIS,,
170170,170170 - DELEGACIA DA RFB EM JOACABA,,
170171,170171 - DELEGACIA DA RFB EM JOINVILLE,,
170172,170172 - ALFANDEGA DA RFB PORTO DE ITAJAI,,
170175,170175 - SUPERINTENDÊNCIA DE ADMINISTRAÇÃO DO MF/RS,,
170176,170176 - CENTRO REGIONAL DE TREINAMENTO DA ESAF/RS,,
170177,170177 - SUPERINTENDENCIA REGIONAL DA RFB NA 10A RF,,
170178,170178 - DELEGACIA DA RFB EM CAXIAS DO SUL,,
170179,170179 - DELEGACIA DA RFB EM PASSO FUNDO,,
170180,170180 - DELEGACIA DA RFB EM PELOTAS,,
170181,170181 - DELEGACIA DA RFB EM PORTO ALEGRE,,
170182,170182 - ALFANDEGA DA RFB PORTO DE RIO GRANDE,,
170183,170183 - DELEGACIA DA RFB EM SANTA MARIA,,
170184,170184 - DELEGACIA DA RFB EM NOVO HAMBURGO,,
170185,170185 - DELEGACIA DA RFB EM SANTO ANGELO,,
170186,170186 - DELEGACIA DA RFB EM URUGUAIANA,,
170187,170187 - INSPETORIA DA RFB EM SANTANA DO LIVRAMENTO,,
170190,170190 - SUPERINTENDÊNCIA DE ADMINISTRAÇÃO DO MF/MT,,
170191,170191 - SECRETARIA DE ASSUNTOS INTERNACIONAIS,,
170192,170192 - DELEGACIA DA RFB EM CUIABA,,
170195,170195 - SUPERINTENDÊNCIA DE ADMINISTRAÇÃO DO MF/GO,,
170198,170198 - DELEGACIA DA RFB EM GOIANIA,,
170201,170201 - DELEGACIA DA RFB EM PORTO VELHO,,
170205,170205 - DELEGACIA DA RFB EM RIO BRANCO,,
170207,170207 - SUPERINTENDÊNCIA DE ADMINISTRAÇÃO DO MF/AM,,
170209,170209 - DELEGACIA DA RFB EM MANAUS,,
170210,170210 - ALFANDEGA DA RFB PORTO DE MANAUS,,
170213,170213 - DELEGACIA DA RFB EM BOA VISTA,,
170214,170214 - SUPERINTENDÊNCIA DE ADMINISTRAÇÃO DO MF/PA,,
170216,170216 - CENTRO REGIONAL DE TREINAMENTO DA ESAF/PA,,
170217,170217 - SUPERINTENDENCIA REGIONAL DA RFB NA 2A RF,,
170218,170218 - DELEGACIA DA RFB EM BELEM,,
170219,170219 - DELEGACIA DA RFB EM SANTAREM,,
170225,170225 - ALFANDEGA DO PORTO DE SÃO LUIS/MA,,
170226,170226 - ALFANDEGA DA RFB PORTO DE SALVADOR,,
170227,170227 - INSPETORIA DA RFB EM BELO HORIZONTE,,
170247,170247 - INSPETORIA DA RFB EM MUNDO NOVO,,
170248,170248 - DELEGACIA DA RFB EM CONTAGEM,,
170250,170250 - SECRETARIA DE POLITICA ECONOMICA,,
170257,170257 - DELEGACIA DA RFB NO RJ I,,
170258,170258 - INSPETORIA DA RFB NO RIO DE JANEIRO,,
170259,170259 - INSPETORIA DA RFB EM SÃO PAULO,,
170261,170261 - DELEGACIA DA RFB EM S.BERNARDO DO CAMPO,,
170262,170262 - DELEGACIA DA RFB EM S.JOSE DOS CAMPOS,,
170263,170263 - DELEGACIA DA RFB EM SANTA CRUZ DO SUL,,
170269,170269 - INSPETORIA DA RFB EM PORTO ALEGRE,,
170270,170270 - INSPETORIA DA RFB EM CHUI,,
170271,170271 - DELEGACIA DA RFB EM PALMAS,,
170279,170279 - CORREGEDORIA-GERAL DA RFB,,
170287,170287 - DELEGACIA DA RFB EM MARILIA,,
170289,170289 - DELEGACIA DA RFB JULGAMENTO EM BRASILIA,,
170290,170290 - DELEGACIA DA RFB JULGAMENTO EM CAMPO GRANDE,,
170291,170291 - DELEGACIA DA RFB JULGAMENTO EM BELEM,,
170293,170293 - DELEGACIA DA RFB JULGAMENTO EM FORTALEZA,,
170294,170294 - DELEGACIA DA RFB JULGAMENTO EM RECIFE,,
170295,170295 - DELEGACIA DA RFB JULGAMENTO EM SALVADOR,,
170296,170296 - DELEGACIA DA RFB JULGAMENTO EM BELO HORIZONTE,,
170297,170297 - DELEGACIA DA RFB JULGAMENTO EM JUIZ DE FORA,,
170298,170298 - DELEGACIA DA RFB JULGAMENTO RIO DE JANEIRO-I,,
170299,170299 - DELEGACIA DA RFB JULGAMENTO EM SAO PAULO-I,,
170301,170301 - DELEGACIA DA RFB JULGAMENTO EM CAMPINAS,,
170302,170302 - DELEGACIA DA RFB JULGAMENTO EM CURITIBA,,
170304,170304 - DELEGACIA DA RFB JULGAMENTO EM FLORIANOPOLIS,,
170305,170305 - DELEGACIA DA RFB JULGAMENTO EM PORTO ALEGRE,,
170307,170307 - DELEGACIA DA RFB JULGAMENTO EM RIBERAO PRETO,,
170309,170309 - UCP/SE/MF - PNAFM 1ª FASE,,
170312,170312 - DELEGACIA ESPEC.RFB DE ADMIN. TRIBUTÁRIA/SP,,
170313,170313 - DELEGACIA DA RFB ESP.INST.FINANCEIRAS EM SP,,
170314,170314 - DELEGACIA DA RFB EM BLUMENAU,,
170315,170315 - DELEGACIA DA RFB EM LAGES,,
170316,170316 - DELEGACIA ESPECIAL MAIORES CONTRIBUINTES RJ,,
170317,170317 - ALFANDEGA DA RFB PORTO DE ITAGUAI,,
170318,170318 - DELEGACIA DA RFB EM JUNDIAI,,
170320,170320 - DELEGACIA ESPECIAL MAIORES CONTRIBUINTES SP,,
170321,170321 - DELEGACIA DA RFB EM PIRACICABA,,
170322,170322 - DELEGACIA DA RFB EM ARARAQUARA,,
170323,170323 - DELEGACIA DA RFB EM FRANCA,,
170324,170324 - DELEGACIA DA RFB EM CORONEL FABRICIANO,,
170325,170325 - DELEGACIA DA RFB EM POCOS DE CALDAS,,
170326,170326 - DELEGACIA DA RFB EM CAMACARI,,
170327,170327 - DELEGACIA DA RFB EM ITABUNA,,
170328,170328 - DELEGACIA DA RFB EM SETE LAGOAS,,
170330,170330 - DELEGACIA DA RFB EM SOBRAL,,
170332,170332 - DELEGACIA DA RFB EM JI-PARANA,,
170333,170333 - ALFANDEGA DA RFB AEROP.INTERNAC.EDUARDO GOMES,,
170334,170334 - DELEGACIA DA RFB EM MARABA,,
170335,170335 - DELEGACIA DA RFB EM MOSSORO,,
170337,170337 - DELEGACIA DA RFB EM FLORIANO,,
170338,170338 - DELEGACIA DA RFB EM CAMPINA GRANDE,,
170339,170339 - COORDENACAO-GERAL DE PESQ.INVESTIGACAO DA RFB,,
170342,170342 - INSPETORIA DA RFB EM FLORIANOPOLIS,,
170343,170343 - INSPETORIA DA RFB EM CURITIBA,,
170344,170344 - SUPERINTENDÊNCIA DE ADMINISTRAÇÃO DO MF/AC,,
170345,170345 - SUPERINTENDÊNCIA DE ADMINISTRAÇÃO DO MF/AP,,
170346,170346 - SUPERINTENDÊNCIA DE ADMINISTRAÇÃO DO MF/RO,,
170347,170347 - SUPERINTENDÊNCIA DE ADMINISTRAÇÃO DO MF/RR,,
170356,170356 - FUNDO DE GARANTIA A EXPORTACAO-BNDES,,
170381,170381 - FUNDO DE COMPENSACAO E VARIACAO SALARIAL,,
170382,170382 - ALFANDEGA DA RFB AEROP.INTERNAC.DE SALVADOR,,
170383,170383 - DELEGACIA DA RFB NO RIO DE JANEIRO II,,
170385,170385 - DELEGACIA DA RFB DE FISCALIZAÇÃO EM SÃO PAULO,,
170386,170386 - DELEGACIA DA RFB EM MACAE,,
170387,170387 - ALFANDEGA DA RFB AEROP.INTERNAC.PINTO MARTINS,,
170388,170388 - DELEGACIA DA RFB EM DOURADOS,,
170389,170389 - ALFANDEGA DA RFB PORTO DE SÃO FRANC.DO SUL,,
170392,170392 - FUNDO CONSTITUCIONAL DO DISTRITO FEDERAL,,
170393,170393 - FCDF SSP   POLICIA MILITAR DO DF,,
170394,170394 - FCDF SSP CORPO BOMBEIRO MILITAR DO DF,,
170395,170395 - FCDF SSP   POLICIA CIVIL DO DF,,
170397,170397 - FCDF - SECRETARIA DE SAUDE,,
170399,170399 - FCDF - SECRETARIA DE EDUCACAO,,
170474,170474 - FUNDO SOBERANO DO BRASIL,,
170479,170479 - CONSELHO ADMINISTRATIVO DE RECURSOS FISCAIS,,
170484,170484 - FCDF-PMDF-DEPARTAMENTO DE GESTÃO DE PESSOAL,,
170485,170485 - DEPARTAMENTO DE SAÚDE E ASSIST. DE PESSOAL,,
170494,170494 - DELEG. ESPECIAL RFB DE MAIORES CONTRIBUINTES,,
170495,170495 - FCDF - CBMDF - ASSISTENCIA MEDICA,,
170498,170498 - UCP/SE/MF - PNAFM 2ª FASE,,
170502,170502 - SECRETARIA DO TESOURO NACIONAL/COFIN/STN,,
170510,170510 - COORD.-GERAL DE PARTICIPAÇÕES SOCIETÁRIAS,,
170512,170512 - COORDENACAO GERAL DE HAVERES FINANCEIROS,,
170516,170516 - DELEGACIA DA RFB EM ANAPOLIS,,
170520,170520 - ALFANDEGA DA RFB AEROP.INTERNAC. DE BELEM,,
170526,170526 - COFIS - PROJETO BIRD 76600,,
170531,170531 - SUPERINTENDÊNCIA DE ADMINISTRAÇÃO DO MF/DF,,
170532,170532 - ALFANDEGA DA RFB NO PORTO DE PECEM,,
170533,170533 - ALFANDEGA DA RFB EM SAO PAULO,,
170551,170551 - DELEGACIA DA RFB EM BARUERI,,
170600,170600 - COORD.GERAL DE CONTROLE DA DIVIDA PUBLICA,,
170700,170700 - COPEC-UNIDADE ORCAMENTARIA E FINANCEIRA,,
170705,170705 - COORD.-GERAL DE GER. DE FUNDOS E OP FISCAIS,,
170940,170940 - COORD-GERAL DE PLANEJ. E ORCAMENTO/DGI/SE/CGU,,
173030,173030 - COMISSAO DE VALORES MOBILIARIOS,,
173035,173035 - GERENCIA REGIONAL DE FISCALIZACAO EM S.P.,,
173039,173039 - SUPERINTENDENCIA DE SEGUROS PRIVADOS - RJ,,
173057,173057 - BANCO CENTRAL DO BRASIL,,
173065,173065 - FUNDO CONTINGENTE DA EXTINTA RFFSA-FC,,
175004,175004 - CAIXA ECONOMICA FEDERAL - PROGRAMAS SOCIAIS,,
179103,179103 - FUNDO DE ESTABILIDADE DO SEGURO RURAL,,
180002,180002 - DEPARTAMENTO DE GESTÃO INTERNA,,
180004,180004 - CGRL/SPOA/SE/MIN. DO ESPORTE CONDOM.BLOCO A,,
180006,180006 - CEF/MINISTERIO DO ESPORTE,,
183023,183023 - INSTITUTO NAC.DE METROLOG. QUALID. E TECNOLOG,,
183025,183025 - SUPERINTENDENCIA DO INMETRO NO ESTADO DE GOIA,,
183035,183035 - SUPERINTENDENCIA DO INMETRO NO ESTADO DO PR,,
183038,183038 - INSTITUTO NACIONAL DA PROPRIEDADE INDUSTRIAL,,
183039,183039 - SUPERINTENDENCIA DO INMETRO NO ESTADO DO RS,,
183042,183042 - ESC DE DIFUSÃO REGIONAL SUL I,,
183043,183043 - ESCRITÓRIO DE DIFUSÃO REGIONAL CENTRO-OESTE,,
183044,183044 - ESCRITÓRIO DE DIFUSÃO REGIONAL NORDESTE,,
183045,183045 - ESCRITÓRIO DE DIFUSÃO REGIONAL SUDESTE I,,
185001,185001 - INSTITUTO BRASILEIRO DE TURISMO,,
187002,187002 - FUNDO GERAL DE TURISMO-FUNGETUR,,
190004,190004 - FUNAI-COORDENAÇÃO REGIONAL DE JI-PARANA/RO,,
193001,193001 - DNOCS CEST/PI-TERESINA-PI,,
193002,193002 - DEPARTAMENTO NACIONAL DE OBRAS CONT.AS SECAS,,
193003,193003 - DNOCS CEST/CE - FORTALEZA-CE,,
193004,193004 - DNOCS - CEST/RN - NATAL-RN,,
193005,193005 - DNOCS - CEST/PB - JOAO PESSOA - PB,,
193007,193007 - DNOCS - CEST/AL-PALMEIRA DOS INDIOS,,
193008,193008 - DNOCS - CEST/SE ARACAJU - SE,,
193009,193009 - DNOCS - CEST/BA - SALVADOR - BA,,
193010,193010 - DNOCS - CEST/MG - MONTES CLAROS-MG,,
193028,193028 - SUPERINTENDENCIA DA ZONA FRANCA DE MANAUS/AM,,
193034,193034 - IBAMA - INST.BRASILEIRO MEIO AMBIENTE/MATRIZ,,
193054,193054 - SUFRAMA/CAIXA ECONOMICA FEDERAL - CEF,,
193099,193099 - IBAMA - COORDENACAO-GERAL DE FINANCAS - CGFIN,,
193100,193100 - IBAMA - SUPERINTENDENCIA DO AMAZONAS/AM,,
193101,193101 - IBAMA - SUPERINTENDENCIA DE ALAGOAS/AL,,
193102,193102 - IBAMA - SUPERINTENDENCIA DO AMAPA/AP,,
193103,193103 - IBAMA - SUPERINTENDENCIA DA BAHIA/BA,,
193104,193104 - IBAMA - SUPERINTENDENCIA DO CEARA/CE,,
193105,193105 - IBAMA - SUPERINTENDENCIA DO ACRE/AC,,
193106,193106 - IBAMA - SUPERINTENDENCIA DISTRITO FEDERAL/DF,,
193107,193107 - IBAMA - SUPERINTENDENCIA DO ESPIRITO SANTO/ES,,
193108,193108 - IBAMA - SUPERINTENDENCIA DE GOIAS/GO,,
193110,193110 - IBAMA - SUPERINTENDENCIA DO MARANHAO/MA,,
193111,193111 - IBAMA - SUPERINTENDENCIA DE MINAS GERAIS/MG,,
193112,193112 - IBAMA - SUPERINTENDENCIA MATO GROSSO SUL/MS,,
193113,193113 - IBAMA - SUPERINTENDENCIA DO MATO GROSSO/MT,,
193114,193114 - IBAMA - SUPERINTENDENCIA DO PARA/PA,,
193115,193115 - IBAMA - SUPERINTENDENCIA DA PARAIBA/PB,,
193116,193116 - IBAMA - SUPERINTENDENCIA DE PERNAMBUCO/PE,,
193117,193117 - IBAMA - SUPERINTENDENCIA DO PIAUI/PI,,
193118,193118 - IBAMA - SUPERINTENDENCIA DO PARANA/PR,,
193119,193119 - IBAMA - SUPERINTENDENCIA DO RIO DE JANEIRO/RJ,,
193120,193120 - IBAMA - SUPERINTENDENCIA RIO GRANDE NORTE/RN,,
193121,193121 - IBAMA - SUPERINTENDENCIA DE RONDONIA/RO,,
193122,193122 - IBAMA - SUPERINTENDENCIA DE RORAIMA/RR,,
193124,193124 - IBAMA - SUPERINTENDENCIA DO RIO GRANDE SUL/RS,,
193125,193125 - IBAMA - SUPERINTENDENCIA DE SANTA CATARINA/SC,,
193126,193126 - IBAMA - SUPERINTENDENCIA DE SERGIPE/SE,,
193129,193129 - IBAMA - SUPERINTENDENCIA DE SAO PAULO/SP,,
193183,193183 - IBAMA - SUPERINTENDENCIA DO TOCANTINS/TO,,
193356,193356 - IBAMA - GERENCIA EXECUTIVA - SANTAREM/PA,,
194003,194003 - COORDENAÇÃO REGIONAL DE CACOAL/RO,,
194004,194004 - COORDENAÇÃO REG. DE GUAJARA MIRIM/RO,,
194005,194005 - COORDENAÇÃO REGIONAL ALTO PURUS,,
194006,194006 - COORDENAÇÃO REGIONAL DE MANAUS/AM,,
194007,194007 - COORDENAÇÃO REG. DO VALE DO JAVARI/AM,,
194008,194008 - COORDENAÇÃO REGIONAL DO RIO NEGRO/AM,,
194009,194009 - COORDENAÇÃO REGIONAL RORAIMA/RR,,
194010,194010 - COORD. REG. CENTRO-LESTE DO PARA/PA,,
194011,194011 - COORDENAÇÃO REGIONAL BAIXO TOCANTINS/PA,,
194012,194012 - COORDENAÇÃO REGIONAL TAPAJÓS/PA,,
194018,194018 - COORDENAÇÃO REG.BAIXO SÃO FRANCISCO/BA,,
194019,194019 - COORD.REG.DE MINAS GERAIS E ESPIRITO SANTO/MG,,
194020,194020 - FUNAI-COORDENAÇÃO REGIONAL DE CAMPO GRANDE/MS,,
194022,194022 - MUSEU DO INDIO - RIO DE JANEIRO,,
194027,194027 - COORDENAÇÃO REGIONAL PASSO FUNDO/RS,,
194028,194028 - COORDENAÇÃO REGIONAL DE CUIABA/MT,,
194029,194029 - COORDENAÇÃO REGIONAL XAVANTE/MT,,
194031,194031 - COORDENAÇÃO REGIONAL XINGU/MT,,
194033,194033 - COORDENAÇÃO REGIONAL ARAGUAIA TOCANTINS/TO,,
194035,194035 - FUNAI-SEDE BRASILIA/DF,,
194036,194036 - COORDENAÇÃO REG. NORTE DO MATO GROSSO/MT,,
194041,194041 - COORDENAÇÃO REGIONAL NORDESTE 2/CE,,
194042,194042 - COORD. REG. RIBEIRÃO CASCALHEIRA/MT,,
194044,194044 - COORDENAÇÃO REG. KAYAPO SUL DO PARA/PA,,
194045,194045 - FUNAI-COORDENAÇÃO REGIONAL DO MADEIRA/AM,,
194046,194046 - COORDENAÇÃO REG. LITORAL SUDESTE/SP,,
194047,194047 - FUNAI-COORDENAÇÃO REGIONAL DO LITORAL SUL/SC,,
194048,194048 - COORDENAÇÃO REGIONAL MEDIO PURUS/AM,,
194061,194061 - COORDENAÇÃO REGIONAL INTERIOR SUL/SC,,
194063,194063 - COORDENAÇÃO REG. DO ALTO SOLIMÕES/AM,,
194064,194064 - COORDENAÇÃO REGIONAL DOURADOS/MS,,
194067,194067 - COORDENAÇÃO REG. NOROESTE DO MATO GROSSO/MT,,
194068,194068 - COORDENAÇÃO REGIONAL SUL DA BAHIA/BA,,
194074,194074 - COORDENAÇÃO REGIONAL MARANHAO/MA,,
194075,194075 - COORDENAÇÃO REG.AMAPA E NORTE DO PARA/AP,,
194077,194077 - COORDENAÇÃO REGIONAL NORDESTE 1/AL,,
194085,194085 - COORDENAÇÃO REGIONAL DE PONTA PORÃ/MS,,
194088,194088 - FUNDACAO NACIONAL DO INDIO - U.O.,,
194151,194151 - FUNAI-DIRETORIA DE PROTEÇÃO TERRITORIAL,,
194152,194152 - FUNAI-DIRETORIA DE PROM. AO DESENV. SUSTENT.,,
195001,195001 - CIA DE DESENV.DOS VALES DO S.FRANC.E PARNAIBA,,
195002,195002 - CIA DE DESENV.DOS VALES DO S.FRANC.E PARNAIBA,,
195003,195003 - CIA DE DESENV.DOS VALES DO S.FRANC.E PARNAIBA,,
195004,195004 - CIA DE DESENV.DOS VALES DO S.FRANC.E PARNAIBA,,
195005,195005 - CIA DE DESENV.DOS VALES DO S.FRANC.E PARNAIBA,,
195006,195006 - CIA DE DESENV.DOS VALES DO S.FRANC.E PARNAIBA,,
195007,195007 - CIA DE DESENV.DOS VALES DO S.FRANC.E PARNAIBA,,
195011,195011 - CIA DE DESENV.DOS VALES DO S.FRANC.E PARNAIBA,,
195012,195012 - CIA DE DESENV.DOS VALES DO S.FRANC.E PARNAIBA,,
195015,195015 - CIA DE DESENV.DOS VALES DO S.FRANC.E PARNAIBA,,
200001,200001 - GABINETE DO MINISTRO - MJ,,
200005,200005 - COORDENACAO-GERAL DE LOGISTICA-CGL,,
200006,200006 - COORDENACAO GERAL DE RECURSOS HUMANOS,,
200008,200008 - MINISTERIO PUBLICO MILITAR - DF,,
200009,200009 - MINISTERIO PUBLICO DO DF E TERRITORIOS,,
200010,200010 - MINISTERIO PUBLICO DO TRABALHO - DF,,
200012,200012 - DEPARTAMENTO NACIONAL DE TRANSITO,,
200016,200016 - SECRETARIA DE DIREITOS HUMANOS/PR,,
200021,200021 - SECRETARIA DE POLITICAS PARA AS MULHERES,,
200022,200022 - PROCURADORIA DA REPUBLICA - SE,,
200023,200023 - PROCURADORIA DA REPUBLICA - DF,,
200024,200024 - PROCURADORIA REG.DO TRABALHO 10A. REGIAO - DF,,
200031,200031 - PROCURADORIA DA REPUBLICA - BA,,
200032,200032 - PROCURADORIA REG.DO TRABALHO 5A. REGIAO - BA,,
200035,200035 - PROCURADORIA DA REPUBLICA - MG,,
200036,200036 - PROCURADORIA REG.DO TRABALHO 3A. REGIAO - MG,,
200038,200038 - PROCURADORIA DA REPUBLICA - ES,,
200040,200040 - PROCURADORIA DA REPUBLICA - MS,,
200043,200043 - PROCURADORIA DA REPUBLICA - RJ,,
200044,200044 - PROCURADORIA REG.DO TRABALHO 1A. REGIAO - RJ,,
200045,200045 - PROCURADORIA REGIONAL DA REPUBLICA-2A.REGIAO,,
200046,200046 - PROCURADORIA DA REPUBLICA - RO,,
200049,200049 - PROCURADORIA DA REPUBLICA - SP,,
200050,200050 - PROCURADORIA REG.DO TRABALHO 2A. REGIAO - SP,,
200053,200053 - PROCURADORIA DA REPUBLICA - PR,,
200054,200054 - PROCURADORIA REG.DO TRABALHO 9A. REGIAO- PR,,
200058,200058 - PROCURADORIA DA REPUBLICA - SC,,
200059,200059 - PROCURADORIA REG.DO TRABALHO 12A. REGIAO- SC,,
200061,200061 - PROCURADORIA DA REPUBLICA - RS,,
200062,200062 - PROCURADORIA REG.DO TRABALHO 4A. REGIAO - RS,,
200064,200064 - PROCURADORIA DA REPUBLICA - MT,,
200066,200066 - PROCURADORIA DA REPUBLICA - GO,,
200069,200069 - PROCURADORIA DA REPUBLICA - AC,,
200071,200071 - PROCURADORIA DA REPUBLICA - AM,,
200072,200072 - PROCURADORIA REG.DO TRABALHO 11A. REGIAO- AM,,
200075,200075 - PROCURADORIA DA REPUBLICA - PA,,
200076,200076 - PROCURADORIA REG.DO TRABALHO 8A. REGIAO- PA,,
200078,200078 - PROCURADORIA DA REPUBLICA - MA,,
200080,200080 - PROCURADORIA DA REPUBLICA - PI,,
200082,200082 - PROCURADORIA DA REPUBLICA - CE,,
200083,200083 - PROCURADORIA REG.DO TRABALHO 7A. REGIAO- CE,,
200085,200085 - PROCURADORIA DA REPUBLICA - RN,,
200087,200087 - PROCURADORIA DA REPUBLICA - PB,,
200089,200089 - PROCURADORIA REG.DO TRABALHO 13A. REGIAO- PB,,
200090,200090 - PROCURADORIA DA REPUBLICA - PE,,
200091,200091 - PROCURADORIA REG.DO TRABALHO 6A. REGIAO- PE,,
200093,200093 - PROCURADORIA DA REPUBLICA - AL,,
200094,200094 - COORDENACAO-GERAL DE ORCAMENTO E FINANCAS,,
200095,200095 - PROCURADORIA REG.DO TRABALHO - 14 REGIAO- RO,,
200096,200096 - PROCURADORIA REG.TRAB.-15.REGIAO-CAMPINAS/SP,,
200097,200097 - SECRETARIA GERAL-MINISTERIO PUBLICO FEDERAL,,
200098,200098 - PROCURADORIA REG. DO TRABALHO 22A.REGIAO/PI,,
200099,200099 - PROCURADORIA REG. DO TRABALHO 21A.REGIAO/RN,,
200100,200100 - SECRETARIA DE ADMINISTRACAO MIN. PUBLICO FED.,,
200102,200102 - PROCURADORIA REGIONAL DA REPUBLICA-4A.REG./RS,,
200106,200106 - PROCURADORIA REG.DO TRABALHO 16A.REGIAO - MA,,
200108,200108 - PROCURADORIA REGIONAL DO TRABALHO-18A.REGIAO,,
200109,200109 - DEPTO.DE POLICIA RODOVIARIA FEDERAL,,
200110,200110 - 3. DISTRITO DE POLICIA RODOVIARIA FEDERAL/AM,,
200111,200111 - 19A.SUPERINTEND.DE POLICIA RODOVIARIA FEDERAL,,
200112,200112 - 16A.SUPERINTEND.DE POLICIA RODOVIARIA FEDERAL,,
200113,200113 - 11A.SUPERINTEND.DE POLICIA RODOVIARIA FEDERAL,,
200114,200114 - 10A.SUPERINTEND.DE POLICIA RODOVIARIA FEDERAL,,
200115,200115 -  4A.SUPERINTEND.DE POLICIA RODOVIARIA FEDERAL,,
200116,200116 -  5A.SUPERINTEND.DE POLICIA RODOVIARIA FEDERAL,,
200117,200117 -  6A.SUPERINTEND.DE POLICIA RODOVIARIA FEDERAL,,
200118,200118 -  7A.SUPERINTEND.DE POLICIA RODOVIARIA FEDERAL,,
200119,200119 -  9A.SUPERINTEND.DE POLICIA RODOVIARIA FEDERAL,,
200120,200120 -  2A.SUPERINTEND.DE POLICIA RODOVIARIA FEDERAL,,
200121,200121 -  1A.SUPERINTEND.DE POLICIA RODOVIARIA FEDERAL,,
200122,200122 - 14A.SUPERINTEND.DE POLICIA RODOVIARIA FEDERAL,,
200123,200123 - 15A.SUPERINTEND.DE POLICIA RODOVIARIA FEDERAL,,
200124,200124 - 18A.SUPERINTEND.DE POLICIA RODOVIARIA FEDERAL,,
200125,200125 -  8A.SUPERINTEND.DE POLICIA RODOVIARIA FEDERAL,,
200126,200126 - 12A.SUPERINTEND.DE POLICIA RODOVIARIA FEDERAL,,
200127,200127 - 17A.SUPERINTEND.DE POLICIA RODOVIARIA FEDERAL,,
200128,200128 -  3A.SUPERINTEND.DE POLICIA RODOVIARIA FEDERAL,,
200129,200129 - 13A.SUPERINTEND.DE POLICIA RODOVIARIA FEDERAL,,
200130,200130 - 20A.SUPERINT.DE POLICIA RODOVIARIA FEDERAL/SE,,
200131,200131 - 21A.SUPERINTEND.DE POLICIA RODOVIARIA FEDERAL,,
200139,200139 - 2º DISTRITO DE POLICIA RODOVIARIA FEDERAL/TO,,
200140,200140 - DEFENSORIA PUBLICA DA UNIAO,,
200141,200141 - 1O DISTRITO REG.DE POLICIA RODOV.FEDERAL-DF,,
200200,200200 - DEPARTAMENTO DE ADM.DA PROC.GERAL DO TRABALHO,,
200201,200201 - PROCURADORIA DA REPUBLICA NO EST.DO TOCANTINS,,
200202,200202 - PROCURADORIA REGIONAL DO TRABALHO-19A.REGIAO,,
200203,200203 - PROCURADORIA REGIONAL DO TRABALHO 20A.REGIAO,,
200204,200204 - PROCURADORIA REGIONAL DA REPUBLICA 3A.REGIAO,,
200205,200205 - PROCURADORIA REGIONAL DO TRABALHO DA 23A.-MT,,
200206,200206 - PROCURADORIA REGIONAL DO TRABALHO DA 24A.-MS,,
200207,200207 - PROCURADORIA REGIONAL DA REPUBLICA-5A.REGIAO,,
200208,200208 - PROCURADORIA REGIONAL DA REPUBLICA-1A. REGIAO,,
200230,200230 - DEPTO. DE POLICIA RODOV. FEDERAL - DIR. GERAL,,
200232,200232 - 5. DISTRITO REGIONAL DO DPRF,,
200233,200233 - 4.DISTRITO REGIONAL DO DPRF,,
200234,200234 - ESCOLA SUPERIOR DO MINIST. PUBLICO DA UNIAO,,
200242,200242 - FORÇA NACIONAL DE SEGURANÇA PÚBLICA,,
200243,200243 - PROG.DE MODER.E GEST.DO PATR.IMOB. DA UNIAO,,
200244,200244 - CAIXA ECONOMICA FEDERAL - ANCINE,,
200246,200246 - FUNDO NACIONAL ANTIDROGAS,,
200247,200247 - ARQUIVO NACIONAL - RJ,,
200248,200248 - SECRETARIA EXTRAORD. DE SEG.P/GRANDES EVENTOS,,
200320,200320 - FUNDO NACIONAL E SEG.E EDUCACAO DE TRANSITO,,
200321,200321 - CEF - DEPARTAMENTO PENITENCIARIO NACIONAL-MJ,,
200323,200323 - DEPEN/DIRETORIA DO SISTEMA PENITENC. FEDERAL,,
200324,200324 - DEPEN/DIRETORIA DE POLITICAS PENITENCIARIAS,,
200325,200325 - COORDENACAO DE RECURSOS HUMANOS/DEPEN,,
200329,200329 - CEF - SENASP/MJ,,
200330,200330 - SECRETARIA NACIONAL DE SEG. PÚBLICA - SENASP,,
200331,200331 - SECRETARIA NACIONAL DE SEGURANCA PUBLICA,,
200332,200332 - DEPARTAMENTO PENITENCIÁRIO NACIONAL - DEPEN,,
200333,200333 - DEPARTAMENTO PENITENCIARIO NACIONAL,,
200334,200334 - COORDENACAO DE ADMINISTRACAO-COAD/DLOG/DPF,,
200336,200336 - COORDENACAO DE ORCAMENTO E FINANCAS - COF/DPF,,
200338,200338 - SUPERINTENDENCIA REGIONAL NO DISTRITO FEDERAL,,
200340,200340 - ACADEMIA NACIONAL DE POLICIA,,
200342,200342 - COORDENACAO DE TECNOLOGIA DA INFORMACAO,,
200344,200344 - SUPERINTENDENCIA REGIONAL NO ESTADO DE SE,,
200346,200346 - SUPERINTENDENCIA REGIONAL NO ESTADO DA BA,,
200350,200350 - SUPERINTENDENCIA REG DA POLICIA FEDERAL EM MG,,
200352,200352 - SUPERINTENDENCIA REGIONAL NO ESTADO DO ES,,
200354,200354 - SUPERINTENDENCIA REGIONAL NO ESTADO DO MS,,
200356,200356 - SUPERINTENDENCIA REGIONAL NO ESTADO DO RJ,,
200358,200358 - SUPERINTENDENCIA REGIONAL NO ESTADO DE AL,,
200360,200360 - SUPERINTENDENCIA REGIONAL NO ESTADO DE SP,,
200362,200362 - DELEGACIA DE POLICIA FEDERAL EM SANTOS,,
200364,200364 - SUPERINTENDENCIA REGIONAL NO ESTADO DO PR,,
200366,200366 - DELEGACIA DE POLICIA FEDERAL EM FOZ DO IGUAÇU,,
200368,200368 - DELEGACIA DE POLICIA FEDERAL EM LONDRINA,,
200370,200370 - SUPERINTENDENCIA REGIONAL NO ESTADO DE SC,,
200372,200372 - SUPERINTENDENCIA REGIONAL NO ESTADO DO RS,,
200374,200374 - SUPERINTENDÊNCIA REGIONAL NO ESTADO DO MT,,
200376,200376 - SUPERINTENDÊNCIA REGIONAL NO ESTADO DO GO,,
200378,200378 - SUPERINTENDENCIA REGIONAL NO ESTADO DE RO,,
200380,200380 - SUPERINTENDÊNCIA REGIONAL NO ESTADO DO AC,,
200382,200382 - SUPERINTENDENCIA REGIONAL NO ESTADO DO AM,,
200384,200384 - SUPERINTENDENCIA REGIONAL NO ESTADO DE RR,,
200386,200386 - SUPERINTENDENCIA REGIONAL NO ESTADO DO PA,,
200388,200388 - SUPERINTENDENCIA REGIONAL NO ESTADO DO MA,,
200390,200390 - SUPERINTENDENCIA REGIONAL NO ESTADO DO PI,,
200392,200392 - SUPERINTENDENCIA REGIONAL NO ESTADO DO CE,,
200394,200394 - SUPERINTENDENCIA REGIONAL NO ESTADO DO RN,,
200396,200396 - SUPERINTENDÊNCIA REGIONAL NO ESTADO DA PB,,
200398,200398 - SUPERINTENDÊNCIA REGIONAL NO ESTADO DE PE,,
200400,200400 - SECRETARIA NACIONAL DO CONSUMIDOR - SENACON,,
200401,200401 - SECRETARIA NACIONAL DO CONSUMIDOR - SENACON,,
200402,200402 - SUPERINTENDENCIA REGIONAL NO ESTADO DO AP,,
200404,200404 - SUPERINTENDENCIA REGIONAL NO ESTADO DE TO,,
200406,200406 - DIRETORIA TECNICO-CIENTIFICA-DITEC/DPF,,
200416,200416 - DELEGACIA DE POLICIA FEDERAL EM CAMPINAS,,
200600,200600 - PENITENCIARIA FEDERAL DE CAMPO GRANDE - MS,,
200601,200601 - PENITENCIARIA FEDERAL EM CATANDUVAS - PR,,
200602,200602 - PENITENCIARIA FEDERAL EM MOSSORO - RN,,
200603,200603 - PENITENCIARIA FEDERAL EM PORTO VELHO - RO,,
201002,"201002 - COORD GERAL DE PLANEJ, ORCAMENTO E FINANCAS",,
201005,201005 - COORDENACAO-GERAL DE GESTAO DE PESSOAS,,
201009,201009 - SECRETARIA DE ORCAMENTO FEDERAL,,
201013,201013 - COORDENACAO DE EXECUCAO ORC. E FINANCEIRA,,
201029,201029 - PROMOEX-MODERNIZAÇAO CONTROLE EXTERNO UF/MC,,
201030,201030 - PNAGE-MODERNIZAÇAO GESTAO E PLANEJAMENTO UF,,
201044,201044 - COORD.DE PROD.DA FOPAG DE BENEF.INDENIZATORIO,,
201045,201045 - DEPARTAMENTO DE ÓRGÃOS EXTINTOS,,
201046,201046 - PROG.DE MODER.DE INSTR. SIST.DE GESTAO DA APF,,
201047,201047 - CAIXA ECONÔMICA FEDERAL/PNAGE,,
203001,203001 - AGENCIA ESPACIAL BRASILEIRA/AEB,,
203003,203003 - AGENCIA NACIONAL DO CINEMA,,
207001,207001 - FUNDO NACIONAL DO IDOSO,,
211999,211999 - MARINHA - DIFERENCA CAMBIAL,,
238012,238012 - SECRETARIA DE POLIT. DE PROM.DA IGUALD.RACIAL,,
240001,240001 - 1A.COMISSAO BRASILEIRA DEMARCADORA DE LIMITES,,
240002,240002 - 2A.COMISSAO BRASILEIRA DEMARCADORA DE LIMITES,,
240003,240003 - MRE - ESCRITORIO DE RPRES.NO RIO DE JANEIRO,,
240005,240005 - COORDENACAO-GERAL DE ORCAMENTO E FINANCAS,,
240007,240007 - DEPARTAMENTO DE PROMOCAO COMERCIAL/MRE,,
240009,240009 - DEPARTAMENTO DO SERVICO EXTERIOR - MRE,,
240010,240010 - DEPARTAMENTO DE COMUNICACAO E DOCUMENTACAO,,
240011,240011 - DEPARTAMENTO CULTURAL,,
240012,240012 - CERIMONIAL,,
240013,240013 - DIVISAO DE SERVICOS GERAIS - MRE,,
240016,240016 - INSTITUTO RIO-BRANCO,,
240017,240017 - ESCRITORIO FINANCEIRO EM NOVA IORQUE,,
240019,240019 - DEPTO.COOPER.CIENTIFICA TECNICA E TECNOLOGICA,,
240025,240025 - AGENCIA BRASILEIRA DE COOPERACAO - ABC,,
240027,240027 - ESCRITORIO DE REPRES. NA REG.NORDESTE-ERENE,,
240031,240031 - ESCRIT.DE REP.DO MINIST.RELAC.EXTERIORES/SP,,
240033,240033 - COORDENACAO-GERAL PLANEJ. E INTEG.CONSULAR,,
240034,240034 - EMBAIXADA DO BRASIL EM TOQUIO,,
240035,240035 - EMBAIXADA DO BRASIL EM LONDRES,,
240036,240036 - EMBAIXADA DO BRASIL EM PRETORIA,,
240037,240037 - EMBAIXADA DO BRASIL BUENOS AIRES,,
240038,240038 - CONSULADO GERAL EM NOVA IORQUE,,
240041,240041 - ESCRITORIO DE REPRESENTACAO EM SANTA CATARINA,,
240043,240043 - CONSULADO-GERAL EM BUENOS AIRES,,
240044,240044 - CONSULADO-GERAL DO BRASIL EM MIAMI,,
240045,240045 - CONSULADO-GERAL DO BRASIL EM TÓQUIO,,
240046,240046 - EMBAIXADA DO BRASIL EM SANTIAGO,,
240047,240047 - CONSULADO-GERAL EM LONDRES,,
240049,240049 - ESCRITORIO DE REPRESENTACAO NO PARANA,,
240050,240050 - CONSULADO DO BRASIL EM HOUSTON,,
240052,240052 - CONSULADO-GERAL EM CHICAGO,,
240053,240053 - CONSULADO-GERAL DO BRASIL EM BOSTON,,
240054,240054 - CONSULADO-GERAL DO BRASIL EM SAO FRANCISCO,,
240055,240055 - ESCRITORIO FINANCEIRO EM NEW YORK,,
240056,240056 - EMBAIXADA DO BRASIL EM MADRI,,
240057,240057 - CONSULADO GERAL DO BRASIL EM MADRI,,
240060,240060 - EMBAIXADA DO BRASIL NA HAIA,,
240061,240061 - EMBAIXADA DO BRASIL EM BRUXELAS,,
240062,240062 - CONSULADO-GERAL DO BRASIL EM BARCELONA,,
240063,240063 - DELEGAÇÃO - BRASIL JUNTO A UNIÃO EUROPEIA-MRE,,
240064,240064 - EMBAIXADA DO BRASIL EM OTTAWA,,
240065,240065 - MISSÃO DO BRASIL JUNTO A OEA - WASHINGTON-MRE,,
240066,240066 - CONSULADO-GERAL DO BRASIL EM ATLANTA,,
240067,240067 - CONSULADO-GERAL DO BRASIL EM LOS ANGELES,,
240068,240068 - CONSULADO-GERAL DO BRASIL EM ROTERDÃ,,
240069,240069 - DIVISAO ACOMP C.ADMIN POSTOS NO EXTERIOR-DAEX,,
240070,240070 - CONSULADO-GERAL DO BRASIL EM BRUXELAS,,
240071,240071 - ESCRITORIO DE REPRESENTACAO EM MINAS GERAIS,,
240072,240072 - COMITÊ NACIONAL DE ORGANIZAÇÃO DA RIO+20,,
240073,240073 - CONSULADO-GERAL EM NAGOIA,,
240074,240074 - CONSULADO-GERAL DO BRASIL EM HAMAMATSU,,
240075,240075 - EMBAIXADA DO BRASIL EM PARIS,,
240076,240076 - CONSULADO-GERAL DO BRASIL EM LISBOA,,
240077,240077 - CONSULADO-GERAL DO BRASIL EM ROMA,,
240078,240078 - CONSULADO-GERAL DO BRASIL EM WASHINGTON,,
240079,240079 - REPRESENTACAO DO BRASIL/MRE JUNTO À FAO,,
240080,240080 - EMBAIXADA DO BRASIL EM ASSUNCAO,,
240081,240081 - DELEGACAO DO BRASIL/MRE JUNTO A UNESCO,,
240082,240082 - EMBAIXADA DO BRASIL NO VATICANO,,
240083,240083 - CONSULADO-GERAL DO BRASIL EM ASSUNCAO,,
240084,240084 - ESCRITORIO DE REPRESENTACAO NO RIO G. DO SUL,,
240085,240085 - EMBAIXADA DO BRASIL EM ROMA,,
240086,240086 - CONSULADO-GERAL EM PARIS,,
240087,240087 - EMBAIXADA DO BRASIL EM WASHINGTON,,
240088,240088 - DELEGACAO DO BRASIL/MRE JUNTO À CPLP,,
240089,240089 - EMBAIXADA DO BRASIL EM LISBOA,,
240090,240090 - DELEGACAO DO BRASIL/MRE JUNTO À ONU,,
240091,240091 - EMBAIXADA DO BRASIL EM BERLIM,,
240092,240092 - EMBAIXADA DO BRASIL EM PRAGA,,
240093,240093 - EMBAIXADA DO BRASIL EM VARSÓVIA,,
240094,240094 - CONSULADO-GERAL DO BRASIL EM PORTO,,
240095,240095 - CONSULADO-GERAL DO BRASIL EM MUNIQUE,,
240096,240096 - CONSULADO-GERAL DO BRASIL EM MONTEVIDÉU,,
240097,240097 - CONSULADO-GERAL DO BRASIL EM FARO,,
240098,240098 - EMBAIXADA DO BRASIL EM MONTEVIDÉU,,
240099,240099 - DELEGAÇÃO DO BRASIL JUNTO À ALADI/ MERCOSUL,,
240100,240100 - REP.DO BRASIL JUNTO À DESARM EM GENEBRA,,
240101,240101 - COORDENACAO-GERAL DE RECURSOS LOGISTICOS,,
240102,240102 - COORDENACAO GERAL DE ORCAMENTO E FINANCAS-MCT,,
240104,240104 - INSTITUTO NACIONAL DE TECNOLOGIA - INT,,
240105,240105 - INSTIT.NACIONAL DE PESQUISA DA AMAZONIA - MCT,,
240106,240106 - INSTIT.NAC.DE PESQ.ESPACIAIS-S.J.CAMPOS - MCT,,
240107,240107 - INSTIT.NAC.DE PESQUISAS ESPACIAIS-NATAL - MCT,,
240108,240108 - INSTIT.NAC.PESQUISAS ESPACIAIS-C.PAULISTA-MCT,,
240113,240113 - SUBSECRET. DE COORD. DAS UNIDADES DE PESQUISA,,
240114,240114 - INSTITUTO NACIONAL DO SEMIARIDO - INSA,,
240115,240115 - SECRETARIA DE DESENVOLV. TECNOLOG. E INOVACAO,,
240116,240116 - SECRETARIA DE POLITICA DE INFORMATICA,,
240118,240118 - SECRETARIA DE CIENCIA E TECNOL.P/ INCL.SOCIAL,,
240119,240119 - SECRET.DE POLIT.E PROGR.DE PESQ.E DESENVOLVIM,,
240120,240120 - CENTRO BRASILEIRO DE PESQUISAS FISICAS,,
240121,240121 - INST.BRAS.DE INFORM. EM CIENCIA E TECNOLOGIA,,
240123,240123 - LABORATORIO NACIONAL DE COMPUTACAO CIENTIFICA,,
240124,240124 - MUSEU DE ASTRONOMIA E CIENCIAS AFINS,,
240125,240125 - MUSEU PARAENSE EMILIO GOELDI,,
240126,240126 - OBSERVATORIO NACIONAL,,
240127,240127 - CENTRO DE TECNOLOGIA MINERAL,,
240128,240128 - LABORATORIO NACIONAL DE ASTROFISICA,,
240129,240129 - CENTRO DE TECN. DA INF. RENATO ARCHER - CTI,,
240133,240133 - COORDENACAO-GERAL DE RECURSOS HUMANOS,,
240137,240137 - CENTRO DE TECNOLOGIAS ESTRATEG. DO NORDESTE,,
240138,240138 - SECRET. DE C & T P/ INCLUSAO SOCIAL/MCT - CEF,,
240139,240139 - ASSESSORIA DE COORDEN. DOS FUNDOS SETORIAIS,,
240140,240140 - REPRESENTACAO REGIONAL DO MCT NO NORDESTE,,
240213,240213 - CONSULADO-GERAL DO BRASIL EM GENEBRA,,
240214,240214 - DEL.DO BRASIL JUNTO À ORG.MUNDIAL DO COMÉRCIO,,
240215,240215 - CONSULADO-GERAL DO BRASIL EM ZURIQUE,,
240216,240216 - EMBAIXADA DO BRASIL NO MÉXICO,,
240217,240217 - EMBAIXADA DO BRASIL EM BOGOTÁ,,
240218,240218 - EMBAIXADA DO BRASIL EM BERNA,,
240220,240220 - DELEGAÇÃO PERMANENTE EM GENEBRA,,
240221,240221 - EMBAIXADA DO BRASIL EM BUDAPESTE,,
240222,240222 - CONSULADO -GERAL DO BRASIL NO MÉXICO,,
240223,240223 - EMBAIXADA DO BRASIL EM VIENA,,
240224,240224 - CENTRO NAC.DE MONIT.E ALERT.DE DESASTRES NATU,,
240226,240226 - ESCRITÓRIO DE REPRESENTAÇÃO NA BAHIA,,
240901,240901 - FUNDO NAC.DE DESENV. CIENTIFICO E TECNOLOGICO,,
240999,240999 - MRE - DIFERENCA CAMBIAL,,
243001,243001 - INSTITUTO NAC.DE TECNOLOGIA DA INFORMACAO ITI,,
244001,244001 - FUNDACAO ALEXANDRE DE GUSMAO,,
245209,245209 - CENTRO NAC DE TECN ELETRONICA AVANCADA S/A,,
250001,250001 - GABINETE DO MINISTRO - MS,,
250005,250005 - DEPARTAMENTO DE LOGISTICA EM SAUDE - DLOG,,
250006,250006 - COORDENACAO-GERAL DE GESTAO DE PESSOAS,,
250007,"250007 - SECR. DE CIENCIA, TECNO. E INSUMOS ESTRATEGIC",,
250009,250009 - SECRET. DE GESTAO ESTRATEGICA E PARTICIPATIVA,,
250010,250010 - SECRETARIA DE ATENCAO A SAUDE,,
250012,250012 - NUCLEO ESTADUAL DO MS/AC,,
250013,250013 - NUCLEO ESTADUAL DO MS/AL,,
250014,250014 - NUCLEO ESTADUAL DO MS/AP,,
250015,250015 - NUCLEO ESTADUAL DO MS/AM,,
250016,250016 - NUCLEO ESTADUAL DO MS/BA,,
250017,250017 - NUCLEO ESTADUAL DO MS/CE,,
250019,250019 - NUCLEO ESTADUAL DO MS/ES,,
250021,250021 - NUCLEO ESTADUAL DO MS/GO,,
250022,250022 - NUCLEO ESTADUAL DO MS/MA,,
250023,250023 - NUCLEO ESTADUAL DO MS/MT,,
250024,250024 - NUCLEO ESTADUAL DO MS/MS,,
250025,250025 - NUCLEO ESTADUAL DO MS/MG,,
250026,250026 - NUCLEO ESTADUAL DO MS/PA,,
250027,250027 - NUCLEO ESTADUAL DO MS/PB,,
250028,250028 - NUCLEO ESTADUAL DO MS/PR,,
250029,250029 - NUCLEO ESTADUAL DO MS/PE,,
250030,250030 - NUCLEO ESTADUAL DO MS/PI,,
250031,250031 - NUCLEO ESTADUAL DO MS/RJ,,
250032,250032 - NUCLEO ESTADUAL DO MS/RN,,
250033,250033 - NUCLEO ESTADUAL DO MS/RS,,
250034,250034 - NUCLEO ESTADUAL DO MS/RO,,
250035,250035 - NUCLEO ESTADUAL DO MS/RR,,
250036,250036 - NUCLEO ESTADUAL DO MS/SC,,
250037,250037 - NUCLEO ESTADUAL DO MS-SP,,
250038,250038 - NUCLEO ESTADUAL DO MS/SE,,
250039,250039 - NUCLEO ESTADUAL DO MS/TO,,
250042,250042 - HOSPITAL FEDERAL DE BONSUCESSO,,
250052,250052 - INSTITUTO NACIONAL DO CANCER - RJ,,
250057,250057 - INST. NACIONAL DE TRAUMATOLOGIA E ORTOPEDIA,,
250059,250059 - INSTITUTO NACIONAL DE CARDIOLOGIA,,
250061,250061 - HOSPITAL FEDERAL DOS SERVIDORES DO ESTADO,,
250088,250088 - SPO-COORD.-GERAL DE ORC.E FINANCAS,,
250098,250098 - DEPARTAMENTO DE INFORMATICA DO SUS,,
250100,250100 - SECR. DE GESTAO DO TRAB. E DA EDUC. NA SAUDE,,
250103,250103 - HOSPITAL FEDERAL DE IPANEMA,,
250104,250104 - HOSPITAL FEDERAL CARDOSO FONTES,,
250105,250105 - HOSPITAL FEDERAL DA LAGOA,,
250106,250106 - HOSPITAL FEDERAL DO ANDARAI,,
250107,250107 - CEF-PROGRAMAS DO MINISTERIO DA SAUDE,,
250110,250110 - COORDENACAO-GERAL DE MATERIAL E PATRIMONIO,,
253002,253002 - AGENCIA NACIONAL DE VIGILANCIA SANITARIA,,
253003,253003 - AGENCIA NACIONAL DE SAUDE SUPLEMENTAR,,
253004,"253004 - COORD.DE VIG.SANIT.DE PORTOS,AER.E FRONTEIRAS",,
253005,"253005 - COORD.DE VIG.SANIT.DE PORTOS,AER.E FRONTEIRAS",,
253006,"253006 - COORD.DE VIG.SANIT.DE PORTOS,AER.E FRONTEIRAS",,
253007,"253007 - COORD.DE VIG.SANIT.DE PORTOS,AER.E FRONTEIRAS",,
253008,"253008 - COORD.DE VIG.SANIT.DE PORTOS,AER.E FRONTEIRAS",,
253009,"253009 - COORD.DE VIG.SANIT.DE PORTOS,AER.E FRONTEIRAS",,
253010,"253010 - COORD.DE VIG.SANIT.DE PORTOS,AER.E FRONTEIRAS",,
253011,"253011 - COORD.DE VIG.SANIT.DE PORTOS,AER.E FRONTEIRAS",,
253012,"253012 - COORD.DE VIG.SANIT.DE PORTOS,AER.E FRONTEIRAS",,
253013,"253013 - COORD.DE VIG.SANIT.DE PORTOS,AER.E FRONTEIRAS",,
253014,"253014 - COORD.DE VIG.SANIT.DE PORTOS,AER.E FRONTEIRAS",,
253015,"253015 - COORD.DE VIG.SANIT.DE PORTOS,AER.E FRONTEIRAS",,
253016,"253016 - COORD.DE VIG.SANIT.DE PORTOS,AER.E FRONTEIRAS",,
253017,"253017 - COORD.DE VIG.SANIT.DE PORTOS,AER.E FRONTEIRAS",,
253018,"253018 - COORD.DE VIG.SANIT.DE PORTOS,AER.E FRONTEIRAS",,
253019,"253019 - COORD.DE VIG.SANIT.DE PORTOS,AER.E FRONTEIRAS",,
253020,"253020 - COORD.DE VIG.SANIT.DE PORTOS,AER.E FRONTEIRAS",,
253021,"253021 - COORD.DE VIG.SANIT.DE PORTOS,AER.E FRONTEIRAS",,
253022,"253022 - COORD.DE VIG.SANIT.DE PORTOS,AER.E FRONTEIRAS",,
253023,"253023 - COORD.DE VIG.SANIT.DE PORTOS,AER.E FRONTEIRAS",,
253024,"253024 - COORD.DE VIG.SANIT.DE PORTOS,AER.E FRONTEIRAS",,
253025,"253025 - COORD.DE VIG.SANIT.DE PORTOS,AER.E FRONTEIRAS",,
253026,"253026 - COORD.DE VIG.SANIT.DE PORTOS,AER.E FRONTEIRAS",,
253027,"253027 - COORD.DE VIG.SANIT.DE PORTOS,AER.E FRONTEIRAS",,
253028,"253028 - COORD.DE VIG.SANIT.DE PORTOS,AER.E FRONTEIRAS",,
253029,"253029 - COORD.DE VIG.SANIT.DE PORTOS,AER.E FRONTEIRAS",,
253033,253033 - ANS - DISTRITO FEDERAL,,
253034,253034 - ANS - SÃO PAULO,,
254420,254420 - FUNDACAO OSWALDO CRUZ,,
254421,254421 - CENTRO DE PESQUISAS AGGEU MAGALHAES,,
254422,254422 - CENTRO DE PESQUISAS GONCALO MUNIZ,,
254423,254423 - CENTRO DE PESQUISAS RENE RACHOU,,
254445,254445 - INSTITUTO DE TECNOLOGIA EM IMUNOBIOLOGICOS,,
254446,254446 - INSTITUTO DE TECNOLOGIA EM FARMACOS,,
254447,254447 - INSTITUTO FERNANDES FIGUEIRA,,
254448,254448 - INSTITUTO NAC. DE CONTROLE E QUALID. EM SAUDE,,
254450,254450 - ESCOLA NAC. DE SAUDE PÚBLICA SÉRGIO AROUCA,,
254462,254462 - DIRETORIA DE ADMINISTRACAO DO CAMPUS-DIRAC,,
254463,254463 - INSTITUTO OSWALDO CRUZ,,
254474,254474 - CENTRO DE PESQUISA LEONIDAS MARIA DEANE,,
254488,254488 - CASA DE OSWALDO CRUZ,,
254492,254492 - INST.NACIONAL DE INFECTOLOGIA EVANDRO CHAGAS,,
255000,255000 - FUNDACAO NACIONAL DE SAUDE - DF,,
255001,255001 - FUNDAÇÃO NACIONAL DE SAÚDE - AC,,
255002,255002 - FUNDAÇÃO NACIONAL DE SAUDE - AL,,
255003,255003 - FUNDACAO NACIONAL DE SAUDE - AP,,
255004,255004 - FUNDACAO NACIONAL DE SAUDE - AM,,
255005,255005 - FUNDACAO NACIONAL DE SAUDE - BA,,
255006,255006 - FUNDACAO NACIONAL DE SAUDE - CE,,
255008,255008 - FUNDACAO NACIONAL DE SAUDE - ES,,
255009,255009 - FUNDACAO NACIONAL DE SAUDE - GO,,
255010,255010 - FUNDACAO NACIONAL DE SAUDE - MA,,
255011,255011 - FUNDACAO NACIONAL DE SAUDE - MT,,
255012,255012 - FUNDACAO NACIONAL DE SAUDE - MS,,
255013,255013 - FUNDACAO NACIONAL DE SAUDE - MG,,
255014,255014 - FUNDACAO NACIONAL DE SAUDE - PA,,
255015,255015 - FUNDACAO NACIONAL DE SAUDE - PB,,
255016,255016 - FUNDACAO NACIONAL DE SAUDE - PR,,
255017,255017 - FUNDACAO NACIONAL DE SAUDE - PE,,
255018,255018 - FUNDACAO NACIONAL DE SAUDE - PI,,
255019,255019 - FUNDACAO NACIONAL DE SAUDE - RJ,,
255020,255020 - FUNDACAO NACIONAL DE SAUDE - RN,,
255021,255021 - FUNDACAO NACIONAL DE SAUDE - RS,,
255022,255022 - FUNDACAO NACIONAL DE SAUDE - RO,,
255023,255023 - FUNDACAO NACIONAL DE SAUDE - RR,,
255024,255024 - FUNDACAO NACIONAL DE SAUDE - SC,,
255025,255025 - FUNDACAO NACIONAL DE SAUDE - SP,,
255026,255026 - FUNDACAO NACIONAL DE SAUDE - SE,,
255027,255027 - FUNDACAO NACIONAL DE SAUDE - TO,,
257001,257001 - DIRETORIA EXECUTIVA DO FUNDO NAC. DE SAUDE,,
257002,257002 - SECRETARIA DE VIGILANCIA EM SAUDE,,
257003,257003 - INSTITUTO EVANDRO CHAGAS,,
257005,257005 - CENTRO NACIONAL DE PRIMATAS,,
257020,257020 - SECRETARIA ESPECIAL DE SAUDE INDIGENA - SESAI,,
257021,257021 - DISTRITO SANIT.ESP.INDIGENA - ALTO RIO JURUA,,
257022,257022 - DISTRITO SANIT.ESP.INDIGENA - ALTO PURUS,,
257023,257023 - DISTRITO SANIT.ESP.INDIGENA AL/SE,,
257024,257024 - DISTRITO SANIT.ESP.INDIGENA - ALTO RIO NEGRO,,
257025,257025 - DISTRITO SANIT.ESP.INDIGENA - ALTO SOLIMOES,,
257026,257026 - DISTRITO SANIT.ESP.INDIGENA - JAVARI,,
257027,257027 - DISTRITO SANIT.ESP.INDIGENA - MANAUS,,
257028,257028 - DISTRITO SANIT.ESP.INDIGENA - MEDIO PURUS,,
257029,257029 - DISTRITO SANIT.ESP.INDIGENA - MEDIO SOLIMOES,,
257030,257030 - DISTRITO SANIT.ESP.INDIGENA - PARINTINS,,
257031,257031 - DISTRITO SANIT.ESP.INDIGENA - AMAPA,,
257032,257032 - DISTRITO SANIT.ESP.INDIGENA - BAHIA,,
257033,257033 - DISTRITO SANIT.ESP.INDIGENA - CEARA,,
257034,257034 - DISTRITO SANIT.ESP.INDIGENA - MARANHAO,,
257035,257035 - DISTRITO SANIT.ESP.INDIGENA - MG/ES,,
257036,257036 - DISTRITO SANIT.ESP.INDIGENA MATO GROSSO SUL,,
257037,257037 - DISTRITO SANIT.ESP.INDIGENA - ARAGUAIA,,
257038,257038 - DISTRITO SANIT.ESP.INDIGENA KAIAPO MT GROSSO,,
257039,257039 - DISTRITO SANIT.ESP.INDIGENA - CUIABA,,
257040,257040 - DISTRITO SANIT.ESP.INDIGENA - XAVANTE,,
257041,257041 - DISTRITO SANIT.ESP.INDIGENA - XINGU,,
257042,257042 - DISTRITO SANIT.ESP.INDIGENA - ALTAMIRA,,
257043,257043 - DISTRITO SANIT.ESP.INDIGENA GUAMA TOCANTINS,,
257044,257044 - DISTRITO SANIT.ESP.INDIGENA - KAIAPO REDENCAO,,
257045,257045 - DISTRITO SANIT.ESP.INDIGENA - TAPAJOS,,
257046,257046 - DISTRITO SANIT.ESP.INDIGENA - POTIGUARA,,
257047,257047 - DISTRITO SANIT.ESP.INDIGENA - PERNAMBUCO,,
257048,257048 - DISTRITO SANIT.ESP.INDIGENA - LITORAL SUL,,
257049,257049 - DISTRITO SANIT.ESP.INDIGENA - PORTO VELHO,,
257050,257050 - DISTRITO SANIT.ESP.INDIGENA - VILHENA,,
257051,257051 - DISTRITO SANIT.ESP.INDIGENA - LESTE RR,,
257052,257052 - DISTRITO SANIT.ESP.INDIGENA - YANOMAMI,,
257053,257053 - DISTRITO SANIT.ESP.INDIGENA - INTERIOR SUL,,
257054,257054 - DISTRITO SANIT.ESP.INDIGENA - TOCANTINS,,
264001,264001 - FUNDACENTRO - FUND.JORGE DUPRAT/CTN/SEDE - SP,,
264002,264002 - FUNDACENTRO - FUND.JORGE DUPRAT/ERMS - MS,,
264003,264003 - FUNDACENTRO - FUND.JORGE DUPRAT/ERCA - SP,,
264005,264005 - FUNDACENTRO - FUND.JORGE DUPRAT/CRMG - MG,,
264006,264006 - FUNDACENTRO - FUND.JORGE DUPRAT/CRDF - DF,,
264007,264007 - FUNDACENTRO - FUND.JORGE DUPRAT/CRPE - PE,,
264008,264008 - FUNDACENTRO - FUND.JORGE DUPRAT/CRBA - BA,,
264009,264009 - FUNDACENTRO - FUND.JORGE DUPRAT/CEES - ES,,
264010,264010 - FUNDACENTRO - FUND.JORGE DUPRAT/CEPR - PR,,
264011,264011 - FUNDACENTRO - FUND.JORGE DUPRAT/CESC - SC,,
264012,264012 - FUNDACENTRO - FUND.JORGE DUPRAT/CERJ - RJ,,
264013,264013 - FUNDACENTRO - FUND.JORGE DUPRAT/CERS - RS,,
264014,264014 - FUNDACENTRO - FUND.JORGE DUPRAT/CEPA - PA,,
275057,275057 - CIA.BRASILEIRA DE TRENS URBANOS-STU/REC,,
275058,275058 - CIA.BRASILEIRA DE TRENS URBANOS-STU/BH,,
275059,275059 - CIA.BRASILEIRA DE TRENS URBANOS-SETORIAL ORÇA,,
275060,275060 - EMPRESA DE TRENS URBANOS DE PORTO ALEGRE S/A,,
275066,275066 - CIA.BRASILEIRA DE TRENS URBANOS-STU/NAT,,
275068,275068 - CIA.BRASILEIRA DE TRENS URBANOS-ADM.CENTRAL,,
275069,275069 - ESCRITÓRIO REGIONAL DE SÃO PAULO-CBTU,,
275075,"275075 - VALEC ENGENHARIA,CONSTRUCOES E FERROVIAS S/A",,
275077,275077 - ESCRITÓRIO REGIONAL DE SALVADOR-CBTU,,
275078,275078 - CIA.BRASILEIRA DE TRENS URBANOS-STU/MAC,,
275079,275079 - CIA.BRASILEIRA DE TRENS URBANOS-STU/JOP,,
275176,275176 - CBTU-PROJETO JBIC FORTALEZA,,
277001,277001 - DEPARTAMENTO DO FUNDO DA MARINHA MERCANTE,,
280101,280101 - COORDENACAO-GERAL DE RECURSOS LOGISTICOS,,
280102,280102 - COORDENACAO-GERAL DE ORCAM. E FINANCAS/MDIC,,
280104,280104 - COORDENACAO-GERAL DE RECURSOS HUMANOS/MDIC,,
280106,280106 - SECRETARIA DE PRODUCAO E AGROENERGIA,,
287001,287001 - FUNDO DE GAR.P/PROMOC.DA COMPETITIVIDADE FGPC,,
287002,287002 - FUNDO NACIONAL DE DESESTATIZACAO - FND,,
303001,303001 - CONSELHO ADMINISTRATIVO DE DEFESA ECONOMICA,,
320002,320002 - COORD.GERAL DE ORCAM.E FIN./M.M.E,,
320004,320004 - COORDENACAO GERAL DE RECURSOS LOGISTICOS-CGRL,,
320005,320005 - COORD.GERAL DE RECURSOS HUMANOS/M.M.E,,
320010,320010 - SECRETARIA DE PLANEJ. E DESENV. ENERGETICO,,
320012,320012 - SECRET. DE GEOL. MINERAÇÃO E TRANSF. MINERAL,,
320013,320013 - SECRETARIA DE ENERGIA ELETRICA,,
320017,320017 - SECRET. DE PETROLEO GAS NAT. E COMBUST. RENOV,,
320058,320058 - AGENCIA NACIONAL DO PETROLEO - BELO HORIZONTE,,
320059,320059 - AGÊNCIA NACIONAL DO PETRÓLEO-PORTO ALEGRE,,
320060,320060 - PROJETO META/SECRETARIA EXECUTIVA,,
323002,323002 - DEPARTAMENTO NAC. DE PRODUCAO MINERAL - SEDE,,
323003,323003 - SUPERINTENDÊNCIA DO DNPM-RS,,
323004,323004 - SUPERINTENDÊNCIA DO DNPM-SP,,
323005,323005 - SUPERINTENDÊNCIA DO DNPM-MG,,
323006,323006 - SUPERINTENDÊNCIA DO DNPM-PE,,
323007,323007 - SUPERINTENDÊNCIA DO DNPM-PA,,
323008,323008 - SUPERINTENDÊNCIA DO DNPM-GO,,
323009,323009 - SUPERINTENDÊNCIA DO DNPM-BA,,
323010,323010 - SUPERINTENDÊNCIA DO DNPM-AM,,
323011,323011 - SUPERINTENDÊNCIA DO DNPM-RJ,,
323012,323012 - SUPERINTENDÊNCIA DO DNPM-CE,,
323013,323013 - SUPERINTENDÊNCIA DO DNPM-SC,,
323014,323014 - SUPERINTENDÊNCIA DO DNPM-MT,,
323015,323015 - SUPERINTENDÊNCIA DO DNPM-PR,,
323016,323016 - SUPERINTENDÊNCIA DO DNPM-RN,,
323017,323017 - SUPERINTENDÊNCIA DO DNPM-PB,,
323018,323018 - SUPERINTENDÊNCIA DO DNPM-AP,,
323019,323019 - SUPERINTENDÊNCIA DO DNPM-TO,,
323020,323020 - SUPERINTENDÊNCIA DO DNPM-SE,,
323021,323021 - SUPERINTENDÊNCIA DO DNPM-RO,,
323022,323022 - SUPERINTENDÊNCIA DO DNPM-ES,,
323023,323023 - SUPERINTENDÊNCIA DO DNPM-PI,,
323024,323024 - SUPERINTENDÊNCIA DO DNPM-MA,,
323025,323025 - SUPERINTENDÊNCIA DO DNPM-MS,,
323026,323026 - SUPERINTENDÊNCIA DO DNPM-RR,,
323027,323027 - SUPERINTENDÊNCIA DO DNPM-AL,,
323028,323028 - AGENCIA NACIONAL DE ENERGIA ELETRICA,,
323030,323030 - AG. NAC.DO PETROLEO GAS NAT.E BIOCOM,,
323031,323031 - ESCRITORIO CENTRAL DA ANP,,
323084,323084 - AGENCIA NACIONAL DO PETROLEO - SAO PAULO,,
323085,323085 - AGENCIA NACIONAL DO PETROLEO - SALVADOR,,
323098,323098 - COORDENACAO DE ORCAMENTO E FINANCAS,,
325001,325001 - EMPRESA DE PESQUISA ENERGETICA,,
330001,330001 - GABINETE DO MINISTRO/M.P.S,,
330002,330002 - COORDENACAO-GERAL DE ORC. FIN.E CONTABILIDADE,,
330004,330004 - COORD.GERAL DE RECURSOS HUMANOS MPS,,
330005,330005 - COORD.GERAL DE LOGÍSTICA E SERV. GERAIS MPS,,
330010,330010 - SECRETARIA DE POLITICAS DE PREVIDENCIA SOCIAL,,
330013,330013 - FUNDO NACIONAL DE ASSISTENCIA SOCIAL,,
330015,330015 - SECRETARIA EXECUTIVA - MPS,,
330086,330086 - PROGRAMA DE APOIO A REFORMA SIST.EST.PREV.II,,
330087,330087 - ASSESSORIA DE PESQ. ESTR. E GERENC. DE RISCOS,,
330088,330088 - PROG.DE AP.MODERN.DA GESTAO DO SPS-PROPREV II,,
330090,330090 - SECRETARIA DE POLITICA DE PREV. COMPLEMENTAR,,
333001,333001 - COORD.GERAL DE ORÇ. FIN. E CONTABILIDADE,,
333002,333002 - COORDENAÇÃO GERAL DE RECURSOS HUMANOS PREVIC,,
333005,333005 - COORDENAÇÃO GERAL DE PATRIMONIO E LOGISTICA,,
340001,340001 - COORD.GERAL DE EXEC. ORCAM. E FINANCEIRA/FNC,,
340002,340002 - COORD.GERAL ORCAM. FINAN. E CONTAB./FNC,,
340004,340004 - FUNDO SETORIAL DO AUDIOVISUAL/FNC,,
340028,340028 - SECRETARIA DE POLITICAS CULTURAIS/FNC,,
340029,340029 - SEC. DA CIDADANIA E DA DIVERS. CULTURAL/FNC,,
340030,340030 - SECRETARIA DE ECONOMIA CRIATIVA/FNC,,
340032,340032 - SECRETARIA DE ARTICULACAO INSTITUCIONAL/FNC,,
340033,340033 - SECRETARIA DO AUDIOVISUAL/FNC,,
340034,340034 - SECRET. DE FOMENTO E INCENT. A CULTURA/FNC,,
340035,340035 - SECRETARIA EXECUTIVA/FNC,,
340037,340037 - CINEMATECA BRASILEIRA/FNC,,
340042,340042 - DIRET.DE PROG.ESPEC.DE INFRAESTRUT.CULTURAL,,
343001,"343001 - SUPERINTENDENCIA DO IPHAN AMAZONAS, IPHAN-AM",,
343002,"343002 - SUPERINTENDENCIA DO IPHAN NO PARA, IPHAN-PA",,
343003,"343003 - SUPERINTENDENCIA DO IPHAN MARANHAO, IPHAN-MA",,
343004,"343004 - SUPERINTENDENCIA DO IPHAN NO CEARA, IPHAN-CE",,
343005,"343005 - SUPERINTENDENCIA DO IPHAN PERNAMBUCO,IPHAN-PE",,
343006,343006 - SUPERINTENDENCIA DO IPHAN RIO DE JANEIRO-RJ,,
343007,"343007 - SUPERINTENDENCIA DO IPHAN NA BAHIA, IPHAN-BA",,
343008,"343008 - SUPERINTENDENCIA DO IPHAN EM SERGIPE,IPHAN-SE",,
343009,"343009 - SUPERINTENDENCIA DO IPHAN SAO PAULO, IPHAN-SP",,
343010,"343010 - SUPERINTENDENCIA DO IPHAN NO PARANA, IPHAN-PR",,
343011,"343011 - SUPERINTENDENCIA DO IPHAN S.CATARINA,IPHAN-SC",,
343012,"343012 - SUPERINTENDENCIA DO IPHAN R.G.DO SUL,IPHAN-RS",,
343013,"343013 - SUPERINTENDENCIA DO IPHAN M. GERAIS, IPHAN-MG",,
343014,"343014 - SUPERINTENDENCIA DO IPHAN EM GOIAS, IPHAN-GO",,
343015,343015 - MUSEU IMPERIAL - PETROPOLIS,,
343016,343016 - MUSEU HISTORICO NACIONAL - RIO DE JANEIRO,,
343017,343017 - MUSEU NACIONAL DE BELAS ARTES -RIO DE JANEIRO,,
343018,343018 - MUSEU DA REPUBLICA - RIO DE JANEIRO,,
343019,343019 - MUSEU DA INCONFIDENCIA - OURO PRETO,,
343020,343020 - MUSEU LASAR SEGALL - SAO PAULO,,
343021,343021 - MUSEU VILLA-LOBOS - RIO DE JANEIRO,,
343022,343022 - MUSEUS RAYMUNDO OTTONI DE CASTRO MAYA/RJ,,
343023,343023 - CENTRO CULTURAL PACO IMPERIAL-RJ,,
343024,343024 - CENTRO CULTURAL SITIO ROBERTO BURLE MARX-RJ,,
343026,343026 - IPHAN,,
343027,343027 - MUSEU DE BIOLOGIA MELLO LEITAO,,
343028,343028 - PALACIO GUSTAVO CAPANEMA,,
343029,"343029 - SUPERINTENDENCIA DO IPHAN D. FEDERAL,IPHAN-DF",,
343030,343030 - CENTRO NACIONAL DE FOLCLORE E CULTURA POPULAR,,
343031,343031 - COORDENACAO GERAL DE RECURSOS HUMANOS,,
343032,"343032 - SUPERINTENDENCIA DO IPHAN NA PARAIBA,IPHAN-PB",,
343033,"343033 - SUPERINTENDENCIA DO IPHAN NO E.SANTO,IPHAN-ES",,
343034,"343034 - SUPERINTENDENCIA DO IPHAN M.G.DO SUL,IPHAN-MS",,
343035,"343035 - SUPERINTENDENCIA DO IPHAN EM ALAGOAS,IPHAN-AL",,
343036,"343036 - SUPERINTENDENCIA DO IPHAN NO PIAUI, IPHAN-PI",,
343037,"343037 - SUPERINTENDENCIA DO IPHAN  RONDONIA, IPHAN-RO",,
343038,343038 - SUPERINTENDENCIA DO IPHAN EM RORAIMA - RR,,
343039,343039 - SUPERINTENDENCIA DO IPHAN NO RIO G. NORTE/RN,,
343040,343040 - SUPERINTENDENCIA DO IPHAN NO ACRE-AC,,
343041,343041 - SUPERINTENDENCIA DO IPHAN NO AMAPA-AP,,
343042,343042 - SUPERINTENDENCIA DO IPHAN NO MATO GROSSO - MT,,
343043,343043 - SUPERINTENDENCIA DO IPHAN EM TOCANTINS - TO,,
343045,343045 - PROGRAMA MONUMENTA,,
343046,343046 - CONDOMINIO DO PALACIO GUSTAVO CAPANEMA,,
344001,344001 - FUNDACAO CASA DE RUI BARBOSA,,
344002,344002 - FUNDACAO JOAQUIM NABUCO,,
344041,344041 - FCP-FUNDACAO CULTURAL PALMARES,,
344042,344042 - FUNDAÇÃO BIBLIOTECA NACIONAL,,
364001,364001 - CNPQ - ADMINISTRACAO CENTRAL,,
364102,364102 - CONSELHO NAC DE DESENV CIENT E TECNOLOGICO,,
364120,364120 - CNPQ - AC/ATIVIDADES DE FOMENTO,,
364150,364150 - CNPQ - ATIVIDADES NO EXTERIOR,,
364304,364304 - TERMO DE COOPERAÇÃO MCT\CNPQ PROJ BID/SECCI,,
364999,364999 - CNPQ - DIFERENCIA CAMBIAL,,
366001,366001 - HOSPITAL CRISTO REDENTOR S/A,,
366002,366002 - HOSPITAL FEMINA S/A,,
366003,366003 - HOSPITAL NOSSA SENHORA DA CONCEICAO S/A,,
373001,373001 - DPTO. DE ADMINISTRACAO FINANCEIRA-DAF - INCRA,,
373012,373012 - INCRA - UNIDADE AVANCADA JARU OURO PRETO,,
373015,373015 - SUPERINTENDENCIA ESTADUAL DO ACRE-INCRA/SR-14,,
373016,373016 - PROJETO FUNDIARIO ALTO PURUS,,
373017,373017 - PROJETO FUNDIARIO ALTO JURUA,,
373025,373025 - SUPERINTEND.ESTADUAL DO AMAZONAS-INCRA/SR-15,,
373029,373029 - SUPERINTEND.ESTADUAL DE RORAIMA-INCRA/SR-25,,
373030,373030 - SUPERINTEND.ESTADUAL DO PARA-INCRA/SR-01,,
373032,373032 - PROJETO FUNDIARIO ALTAMIRA-ALTAMIRA/PA,,
373035,373035 - PROJETO FUNDIARIO PARAGOMINAS - PA,,
373036,373036 - UNIDADE AVANCADA CAPITAO POCO/PA,,
373037,373037 - SUPERINTENDENCIA REGIONAL DE SANTAREM - SR-30,,
373038,373038 - PROJETO FUNDIARIO TOME ACU,,
373039,373039 - SUPERINTEND.ESTADUAL DO AMAPA-INCRA/SR-21,,
373040,373040 - SUPERINTEND.ESTADUAL DO MARANHAO-INCRA/SR-12,,
373041,373041 - PIC BARRA DO CORDA - MA,,
373042,373042 - PROJETO FUNDIARIO BACABAL,,
373043,373043 - PROJETO FUNDIARIO VALE DO PINDARE,,
373044,373044 - SUPERINTEND.ESTADUAL DO PIAUI-INCRA/SR-24,,
373045,373045 - SUPERINTEND.ESTADUAL DO CEARA-INCRA/SR-02,,
373046,373046 - SUPERINTEND.ESTADUAL DO R.G.NORTE-INCRA/SR-19,,
373047,373047 - SUPERINTEND.ESTADUAL DA PARAIBA-INCRA/SR-18,,
373048,373048 - SUPERINT.REGIONAL DE PERNAMBUCO-INCRA/SR-03,,
373050,373050 - SUPERINT.REGIONAL MEDIO SAO FRANCISCO-SR(29),,
373051,373051 - SUPERINTEND.ESTADUAL DE ALAGOAS-INCRA/SR-22,,
373052,373052 - SUPERINTEND.ESTADUAL DE SERGIPE-INCRA/SR-23,,
373053,373053 - SUPERINTEND.ESTADUAL DA BAHIA-INCRA/SR-05,,
373055,373055 - SUPERINTEND.ESTADUAL DE M.GERAIS-INCRA/SR-06,,
373057,373057 - SUPERINTEND.ESTADUAL DO E.SANTO-INCRA/SR-20,,
373058,373058 - SUPERINT.ESTADUAL DE M.G.DO SUL-INCRA/SR-16,,
373059,373059 - PROJETO FUNDIARIO CORUMBA,,
373060,373060 - PROJETO FUNDIARIO JARDIM,,
373061,373061 - PROJETO FUNDIARIO DOURADOS,,
373062,373062 - SUPERINTEND.ESTADUAL DO R.JANEIRO-INCRA/SR-07,,
373063,373063 - UNIDADE AVANCADA DE XINGU,,
373066,373066 - SUPERINTEND.ESTADUAL DE SAO PAULO-INCRA/SR-08,,
373067,373067 - SUPERINTEND.ESTADUAL DO PARANA-INCRA/SR-09,,
373070,373070 - SUPERINT.ESTADUAL DE S.CATARINA-INCRA/SR-10,,
373071,373071 - PROJETO FUNDIARIO SANTA CATARINA,,
373072,373072 - SUPERINT.ESTADUAL DO R.G.DO SUL-INCRA/SR-11,,
373073,373073 - SUPERINTEND.ESTADUAL DE M.GROSSO-INCRA/SR-13,,
373074,373074 - PROJETO FUNDIARIO CARCERES,,
373075,373075 - PROJETO FUNDIARIO VALE DO ARAGUAIA,,
373076,373076 - PROJETO FUNDIARIO VALE DO GUAPORE,,
373077,373077 - PROJETO FUNDIARIO NORTE DE MATO GROSSO,,
373078,373078 - PROJETO FUNDIARIO DIAMANTINO,,
373079,373079 - UNIDADE FUNDIARIA DE GURUPI,,
373080,373080 - SUPERINTEND.ESTADUAL DE GOIAS-INCRA/SR-04,,
373082,373082 - INCRA-SUPERINT.REGIONAL DE RONDONIA-SR-17/RO,,
373083,373083 - DIV.EXECUTIVA DE FINANCAS-DAF.2 INCRA-SEDE/DF,,
373085,373085 - SUPERINTENDENCIA ESTADUAL DE TOCANTINS/SR-26,,
380001,380001 - SECRETARIA NACIONAL DE ECONOMIA SOLIDARIA,,
380004,380004 - SECRETARIA DE GESTAO DE PESSOAS-SGP/MPF,,
380005,380005 - PROCURADORIA DA REPUBLICA/AP,,
380006,380006 - PROCURADORIA DA REPUBLICA/RR,,
380007,380007 - PROCURADORIA REGIONAL DO TRABALHO 17A REG./ES,,
380008,380008 - SECRETARIA DE POLITICAS PUBLICAS DE EMPREGO,,
380009,380009 - SECRETARIA DE INSPECAO DO TRABALHO,,
380010,"380010 - COORD-GERAL DE ORCAM., FIN. E CONTABILIDADE",,
380012,380012 - GABINETE DO MINISTRO/M.T.E.,,
380014,380014 - SECRETARIA EXECUTIVA,,
380018,380018 - COORDENACAO-GERAL DE REC. LOGISTICOS-CGRL/MTE,,
380019,380019 - COORD.-GERAL DE REC. HUMANOS-CGRH/SPOA/SE/MTE,,
380020,380020 - SECRETARIA DE RELACOES DO TRABALHO,,
380026,380026 - CEF - CONTRIBUICOES SOCIAIS - LC N.110,,
380030,380030 - SUPERINT REG DO TRAB E EMPREGO/AC,,
380031,380031 - SUPERINT REG DO TRAB E EMPREGO/AL,,
380032,380032 - SUPERINT REG DO TRAB E EMPREGO/AM,,
380033,380033 - SUPERINT REG DO TRAB E EMPREGO/BA,,
380034,380034 - SUPERINT REG DO TRAB E EMPREGO/CE,,
380035,380035 - SUPERINT REG DO TRAB E EMPREGO/DF,,
380036,380036 - SUPERINT REG DO TRAB E EMPREGO/ES,,
380037,380037 - SUPERINT REG DO TRAB E EMPREGO/GO,,
380038,380038 - SUPERINT REG DO TRAB E EMPREGO/MT,,
380039,380039 - SUPERINT REG DO TRAB E EMPREGO/MA,,
380040,380040 - SUPERINT REG DO TRAB E EMPREGO/MS,,
380041,380041 - SUPERINT REG DO TRAB E EMPREGO/MG,,
380042,380042 - SUPERINT REG DO TRAB E EMPREGO/PE,,
380043,380043 - SUPERINT REG DO TRAB E EMPREGO/PA,,
380044,380044 - SUPERINT REG DO TRAB E EMPREGO/PR,,
380045,380045 - SUPERINT REG DO TRAB E EMPREGO/PB,,
380047,380047 - SUPERINT REG DO TRAB E EMPREGO/RJ,,
380048,380048 - SUPERINT REG DO TRAB E EMPREGO/RN,,
380049,380049 - SUPERINT REG DO TRAB E EMPREGO/RS,,
380050,380050 - SUPERINT REG DO TRAB E EMPREGO/RO,,
380051,380051 - SUPERINT REG DO TRAB E EMPREGO/SC,,
380052,380052 - SUPERINT REG DO TRAB E EMPREGO/SP,,
380053,380053 - SUPERINT REG DO TRAB E EMPREGO/SE,,
380054,380054 - SUPERINT REG DO TRAB E EMPREGO/TO,,
380055,380055 - SUPERINT REG DO TRAB E EMPREGO/PI,,
380056,380056 - SUPERINT REG DO TRAB E EMPREGO/AP,,
380057,380057 - SUPERINT REG DO TRAB E EMPREGO/RR,,
380908,380908 - SECRETARIA DE POLITICAS PUBLICAS DE EMPREGO,,
380910,"380910 - COORD-GERAL DE ORCAM., FIN. E CONTABILIDADE",,
380912,380912 - GABINETE DO MINISTRO/M.T.E.,,
380914,380914 - SECRETARIA EXECUTIVA,,
380916,380916 - COORDENACAO-GERAL DE RECURSOS DO FAT/MTE,,
380918,380918 - COORDENACAO-GERAL DE REC. LOGISTICOS-CGRL/MTE,,
380930,380930 - SUPERINT REG DO TRAB E EMPREGO/AC,,
380931,380931 - SUPERINT REG DO TRAB E EMPREGO/AL,,
380932,380932 - SUPERINT REG DO TRAB E EMPREGO/AM,,
380933,380933 - SUPERINT REG DO TRAB E EMPREGO/BA,,
380934,380934 - SUPERINT REG DO TRAB E EMPREGO/CE,,
380935,380935 - SUPERINT REG DO TRAB E EMPREGO/DF,,
380936,380936 - SUPERINT REG DO TRAB E EMPREGO/ES,,
380937,380937 - SUPERINT REG DO TRAB E EMPREGO/GO,,
380938,380938 - SUPERINT REG DO TRAB E EMPREGO/MT,,
380939,380939 - SUPERINT REG DO TRAB E EMPREGO/MA,,
380940,380940 - SUPERINT REG DO TRAB E EMPREGO/MS,,
380941,380941 - SUPERINT REG DO TRAB E EMPREGO/MG,,
380942,380942 - SUPERINT REG DO TRAB E EMPREGO/PE,,
380943,380943 - SUPERINT REG DO TRAB E EMPREGO/PA,,
380944,380944 - SUPERINT REG DO TRAB E EMPREGO/PR,,
380945,380945 - SUPERINT REG DO TRAB E EMPREGO/PB,,
380947,380947 - SUPERINT REG DO TRAB E EMPREGO/RJ,,
380948,380948 - SUPERINT REG DO TRAB E EMPREGO/RN,,
380949,380949 - SUPERINT REG DO TRAB E EMPREGO/RS,,
380950,380950 - SUPERINT REG DO TRAB E EMPREGO/RO,,
380951,380951 - SUPERINT REG DO TRAB E EMPREGO/SC,,
380952,380952 - SUPERINT REG DO TRAB E EMPREGO/SP,,
380953,380953 - SUPERINT REG DO TRAB E EMPREGO/SE,,
380954,380954 - SUPERINT REG DO TRAB E EMPREGO/TO,,
380955,380955 - SUPERINT REG DO TRAB E EMPREGO/PI,,
380956,380956 - SUPERINT REG DO TRAB E EMPREGO/AP,,
380957,380957 - SUPERINT REG DO TRAB E EMPREGO/RR,,
380988,380988 - GER REG DO TRAB E EMP/RIBEIRÃO PRETO/SP,,
390001,390001 - RESERVA DE CONTINGENCIA/MEFP,,
390002,390002 - SUBSECRETARIA DE PLANEJ.E ORÇAM.SETORIAL,,
390004,390004 - COORDENACAO GERAL E RECURSOS LOGISTICOS,,
390007,390007 - COORDENACAO-GERAL DE GESTÃO DE PESSOAS,,
390015,390015 - REDE FERROVIARIA FEDERAL S.A- INVENTARIANCA,,
390022,390022 - DNIT-PREMEF-BIRD 7383,,
390056,390056 - SUBSECRETARIA DE ASSUNTOS ADMINISTRATIV. SAAD,,
390058,390058 - PREMEF/BIRD-PHE PLANO HIDR.ESTRATEGICO,,
393001,393001 - AGENCIA NACIONAL DE TRANSPORTES TERRESTRES,,
393002,393002 - AGENCIA NACIONAL DE TRANSPORTES AQUAVIARIOS,,
393003,393003 - DEPART. NAC. DE INFRA-ESTRUTURA DE TRANSPORTE,,
393009,393009 - SUPERINTEND. REG. NOS ESTADOS AM/RR - DNIT,,
393010,393010 - SUPERINTENDENCIA REG. NO ESTADO MS - DNIT,,
393011,393011 - SUPERINTEND.REG. NOS ESTADOS GO/DF - DNIT,,
393012,393012 - SUPERINTENDENCIA REG. NO ESTADO RS - DNIT,,
393013,393013 - SUPERINTENDENCIA REG. NO ESTADO SC - DNIT,,
393014,393014 - SUPERINTEND. REG. NOS ESTADOS RO/AC - DNIT,,
393015,393015 - SUPERINTENDENCIA REG. NO ESTADO SE - DNIT,,
393016,393016 - SUPERINTEND. REG NOS ESTADOS PA/AP - DNIT,,
393017,393017 - SUPERINTENDENCIA REG. NO ESTADO PB - DNIT,,
393018,393018 - SUPERINTENDENCIA REG. NO ESTADO ES - DNIT,,
393019,393019 - SUPERINTENDENCIA REG. NO ESTADO RJ - DNIT,,
393020,393020 - SUPERINTENDENCIA REG. NO ESTADO MT - DNIT,,
393021,393021 - SUPERINTENDENCIA REG. NO ESTADO RN - DNIT,,
393022,393022 - SUPERINTENDENCIA REG. NO ESTADO PI - DNIT,,
393023,393023 - SUPERINTENDENCIA REG. NO ESTADO TO - DNIT,,
393024,393024 - SUPERINTENDENCIA REG. NO ESTADO CE - DNIT,,
393025,393025 - SUPERINTENDENCIA REG. NO ESTADO SP - DNIT,,
393026,393026 - SUPERINTENDENCIA REG. NO ESTADO AL - DNIT,,
393027,393027 - SUPERINTENDENCIA REG. NO ESTADO BA - DNIT,,
393028,393028 - SUPERINTENDENCIA REG. NO ESTADO PR - DNIT,,
393029,393029 - SUPERINTENDENCIA REG. NO ESTADO PE - DNIT,,
393030,393030 - SUPERINTENDENCIA REG. NO ESTADO MA - DNIT,,
393031,393031 - SUPERINTENDENCIA REG. NO ESTADO MG - DNIT,,
393038,393038 - UNIDADE REGIONAL DO RIO DE JANEIRO,,
393039,393039 - DNIT-UCP-BID (904/975),,
393040,393040 - DNIT-UCP-BIRD (4188),,
393047,393047 - UNIDADE REGIONAL DE SAO PAULO-ANTT,,
393048,393048 - UNIDADE REGIONAL DE MINAS GERAIS - ANTT,,
393049,393049 - PROGRAMA REDUÇÃO CUSTOS LOGISTICOS-PREMEF,,
393090,393090 - UNIDADE REGIONAL DO CEARÁ - ANTT,,
393091,393091 - UNIDADE REGIONAL DO MARANHÃO - ANTT,,
393092,393092 - UNIDADE REGIONAL DO RIO GRANDE DO SUL - ANTT,,
395001,395001 - EMPRESA DE PLANEJAMENTO E LOGISTICA S.A - EPL,,
403101,403101 - INSTITUTO DO PATRIMONIO HIST. E ART. NACIONAL,,
403201,403201 - FUNDACAO NACIONAL DE ARTES,,
410002,410002 - COORDENACAO GERAL DE ORCAMENTO E FINANCAS/MC,,
410003,410003 - COORDENACAO GERAL DE RECURSOS LOGISTICOS,,
410004,410004 - COORDENACAO GERAL GESTAO DE PESSOAS-CGGP,,
410007,410007 - FUNDO P/O DESENV.TECNOL.DAS TELECOMUNICACOES,,
410049,410049 - FUNTTEL/FINEP - AGENTE FINANCEIRO DO FUNTTEL,,
413001,413001 - AGENCIA NACIONAL DE TELECOMUNICACOES-SEDE,,
413002,413002 - AGENCIA NACIONAL DE TELECOMUNICACOES-SP,,
413003,413003 - AGENCIA NACIONAL DE TELECOMUNICACOES-RJ,,
413004,413004 - AGENCIA NACIONAL DE TELECOMUNICACOES-PR,,
413005,413005 - AGENCIA NACIONAL DE TELECOMUNICACOES-MG,,
413006,413006 - AGENCIA NACIONAL DE TELECOMUNICACOES-RS,,
413007,413007 - AGENCIA NACIONAL DE TELECOMUNICACOES-PE,,
413008,413008 - AGENCIA NACIONAL DE TELECOMUNICACOES-GO,,
413009,413009 - AGENCIA NACIONAL DE TELECOMUNICACOES-BA,,
413010,413010 - AGENCIA NACIONAL DE TELECOMUNICACOES-CE,,
413011,413011 - AGENCIA NACIONAL DE TELECOMUNICACOES-PA,,
413012,413012 - AGENCIA NACIONAL DE TELECOMUNICACOES-AM,,
413047,413047 - FUNDO DE UNIVERS.DOS SERV.TELECOMUNICACOES,,
420001,420001 - COORD.GERAL DE EXEC. ORCAMENTARIA E FINANCEIR,,
420002,420002 - COORD. GERAL DE ORCAM. FINAN. E CONTABILIDADE,,
420006,420006 - SECRETARIA DO AUDIOVISUAL/MINC,,
420008,420008 - COORD.GERAL DE GESTAO DE PESSOAS/DGI/SE/MINC,,
420010,420010 - SECRETARIA-EXECUTIVA/MINC,,
420012,420012 - SECRETARIA DE POLITICA AGRICOLA,,
420013,420013 - SECRETARIA DE DESENV.AGROPECUARIO E COOPERAT.,,
420014,420014 - SECRET. DE FOMENTO E INCENTIVO A CULTURA/MINC,,
420016,420016 - GABINETE DO MINISTRO,,
420017,420017 - ASSESSORIA DE COMUNICACAO SOCIAL,,
420020,420020 - COORDENACAO GERAL DE TECNOLOGIA DA INFORMACAO,,
420028,420028 - SECRETARIA DE POLITICAS CULTURAIS/MINC,,
420029,420029 - SEC. DA CIDADANIA E DA DIVERS. CULTURAL,,
420030,420030 - SECRETARIA DE ECONOMIA CRIATIVA,,
420032,420032 - SECRETARIA DE ARTICULACAO INSTITUCIONAL/MINC,,
420036,420036 - CENTRO TECNICO AUDIOVISUAL,,
420037,420037 - CINEMATECA BRASILEIRA,,
420041,420041 - DIRETORIA DE RELACOES INTERNACIONAIS-DRI,,
420044,420044 - DIRET.DE PROG.ESPEC.DE INFRAESTRUT. CULTURAL,,
420045,420045 - CAIXA ECONOMICA FEDERAL - PAC/PRAÇAS/MINC,,
423001,423001 - DIRETORIA DE PLANEJAMENTO E GESTAO INTERNA,,
423002,423002 - IBRAM - SEDE,,
423031,423031 - COORDENACAO DE GESTAO DE PESSOAS,,
440001,"440001 - SUBSECRET.DE PLANEJ.,ORC.E ADMINIST. SPOA/MMA",,
440002,"440002 - SUBSECRET.DE PLANEJAM.,ORCAM.E ADMINIST. SPOA",,
440005,440005 - SECRETARIA DE REC HIDRICOS E AMBIENTE URBANO,,
440031,440031 - SECRET.MUDANCAS CLIMATICAS E QUALID.AMBIENTAL,,
440040,440040 - SECRET.EXTRATIVISMO DESENV.RURAL SUSTENTAVEL,,
440068,440068 - PROJETO CORREDORES ECOLOGICOS - KFW,,
440069,440069 - SECRETARIA DE BIODIVERSIDDE E FLORESTAS,,
440075,440075 - SERVICO FLORESTAL BRASILEIRO,,
440077,440077 - SECRET.ARTICULACAO INST.E CIDADANIA AMBIENTAL,,
440078,440078 - DEP.REVITALIZACAO BACIAS HIDROGRAFICAS - DRBH,,
440079,440079 - DEPARTAMENTO DE AMBIENTE URBANO - DAU,,
440088,440088 - SETORIAL PROG.ORCAMENTARIA E FINANCEIRA-SFB,,
440094,440094 - FUNDO NACIONAL DE DESENVOLVIMENTO FLORESTAL,,
440096,440096 - PROG. NACIONAL DE MEIO AMBIENTE II - FASE II,,
440106,440106 - SIP/ANA - INTERAGUAS,,
440107,440107 - CEF/MMA PLANOS DE RESIDUOS SOLIDOS,,
440108,440108 - BOLSA VERDE - SEDR,,
440110,440110 - KFW SERVIÇO FLORESTAL BRASILEIRO,,
440111,440111 - PROGRAMA DESENV DO SETOR AGUA-INTERAGUAS/SRHU,,
440114,440114 - FUNDO AMAZONIA-SERVICO FLORESTAL BRASILEIRO,,
443001,443001 - AGENCIA NACIONAL DE AGUAS - GEEFI/SAF/ANA,,
443002,443002 - GESTAO RECURSOS HIDRICOS,,
443003,443003 - GERENCIA DE ORCAMENTO E FINANCAS/SAF/ANA,,
443019,443019 - COORD. DE PLAN. ORCAMENTO E FIN./COPLAN/JBRJ,,
443020,443020 - INST. DE PESQUISAS JARDIM BOTANICO DO RJ/JBRJ,,
443024,443024 - FUNDO NACIONAL DO MEIO AMBIENTE,,
443032,443032 - INST.CHICO MENDES DE CONSER.DA BIODIVERSIDADE,,
443033,443033 - INSTITUTO CHICO MENDES - SEDE,,
443034,443034 - INST.CHICO MENDES DE CONS. DA BIO. - CABEDELO,,
443035,443035 - INST.CHICO MENDES DE CONS. DA BIO.- ATIBAIA,,
443036,443036 - INST.CHICO MENDES DE CONS. DA BIO.TERESOPOLIS,,
443038,443038 - INST.CHICO MENDES DE CONS. DA BIO. - GOIANIA,,
443041,443041 - INST.CHICO MENDES DE CONSER DA BIO - CEPENE,,
443043,443043 - INST.CHICO MENDES DE CONS. DA BIO.- AREMBEPE,,
443045,443045 - SET. DE PROG.ORCAMENTARIA E FINANCEIRA-FNMA,,
443048,443048 - INST.CHICO MENDES DE CONSER. BIO - FOZ IGUAÇU,,
443053,443053 - INST.CHICO MENDES DE CONSER.DA BIO. CEPNOR,,
443054,443054 - INST.CHICO MENDES DE CONS. DA BIO. - MANAUS,,
443055,443055 - INST.CHICO MENDES DE CONS. BIO RIO DE JANEIRO,,
443070,443070 - BANCO DO BRASIL/DFDS/MMA,,
447001,447001 - SETORIAL DO FUNDO NACIONAL DE MUD CLIMA,,
447002,447002 - FUNDO NACIONAL SOBRE MUDANCAS DO CLIMA,,
447156,447156 - ICMBIO - GEF-CERRADO,,
447157,447157 - ICMBIO - KFW CONTA ESPECIAL,,
490002,"490002 - SUBSEC. DE PLANEJ., ORCAMENTO E ADMINISTRACAO",,
490003,490003 - CREDITO FUNDIARIO,,
490008,490008 - SECRETARIA DE AGRICULTURA FAMILIAR,,
490009,490009 - SECRETARIA DE REORDENAMENTO AGRARIO,,
490010,490010 - SECRETARIA DE DESENVOLVIMENTO TERRITORIAL,,
490011,490011 - MIN. DESENV. AGRARIO-ADMINISTRACAO DIRETA,,
490012,490012 - MIN. DO DESENVOLVIMENTO AGRARIO - CEF - SAF,,
490016,490016 - DIRETORIA DE POL. PARA MULHERES RUR. E QUILOM,,
490020,490020 - PROG.CAD.DE TERRAS E REG. FUNDIARIA NO BRASIL,,
490021,490021 - PROJETO MANEJO SUSTENT. DE TERRAS DO SERTAO,,
490049,490049 - MINISTERIO DO DESENV. AGRARIO - AEGRE - CEF,,
490050,490050 - MINISTERIO DO DESENV. AGRÁRIO - SRA - CEF,,
490058,490058 - SECRETARIA DESENV.TERRIT. - TV CUSTEIO - BB,,
490059,490059 - SECRETARIA AGRIC.FAMILIAR - TV CUSTEIO - BB,,
490060,490060 - SECRETARIA REORD. AGRARIO - TV CUSTEIO - BB,,
490061,490061 - DIR.POLIT.P/MULHERES RURAIS - TV CUSTEIO - BB,,
490062,490062 - DIR.POLIT.P/MULHERES RURAIS - TO CUSTEIO - BB,,
495001,495001 - COMPANHIA DE PESQUISA DE RECURSOS MINERAIS,,
495110,495110 - COMPANHIA DE PESQUISA DE RECURSOS MINERAIS,,
495130,495130 - COMPANHIA DE PESQUISA DE RECURSOS MINERAIS,,
495250,495250 - COMPANHIA DE PESQUISA DE RECURSOS MINERAIS,,
495260,495260 - COMPANHIA DE PESQUISA DE RECURSOS MINERAIS,,
495300,495300 - COMPANHIA DE PESQUISA DE RECURSOS MINERAIS,,
495350,495350 - COMPANHIA DE PESQUISA DE RECURSOS MINERAIS,,
495370,495370 - COMPANHIA DE PESQUISA DE RECURSOS MINERAIS,,
495400,495400 - COMPANHIA DE PESQUISA DE RECURSOS MINERAIS,,
495500,495500 - COMPANHIA DE PESQUISA DE RECURSOS MINERAIS,,
495550,495550 - COMPANHIA DE PESQUISA DE RECURSOS MINERAIS,,
495600,495600 - COMPANHIA DE PESQUISA DE RECURSOS MINERAIS,,
495650,495650 - COMPANHIA DE PESQUISA DE RECURSOS MINERAIS,,
495710,495710 - COMPANHIA DE PESQUISA DE RECURSOS MINERAIS,,
510001,"510001 - COORD.GERAL DE ORÇAMENTO, FINANÇAS E CONTAB.",,
510002,510002 - INSS/DC SETORIAL ORCAMENTARIA,,
510004,510004 - APS BRASILIA-TAGUATINGA,,
510005,510005 - GERÊNCIA EXECUTIVA DISTRITO FEDERAL,,
510007,510007 - APS BRASÍLIA-ASA SUL,,
510008,510008 - UNID.TEC.DE REAB.PROFISSIONAL DISTRITO FEDERA,,
510015,510015 - APS BRASILIA - GAMA,,
510021,510021 - APS OURO FINO,,
510030,510030 - GERÊNCIA EXECUTIVA TERESINA,,
510057,510057 - APS ARACAJU-SIQUEIRA CAMPOS,,
510062,510062 - APS SERRO,,
510080,510080 - GERÊNCIA EXECUTIVA ARACAJU,,
510120,510120 - GERÊNCIA EXECUTIVA BELÉM,,
510135,510135 - GERÊNCIA EXECUTIVA MACAPÁ,,
510170,510170 - GERÊNCIA EXECUTIVA FLORIANÓPOLIS,,
510178,510178 - SUPERINTENDÊNCIA REGIONAL SUDESTE I,,
510179,510179 - APS FLORIANÓPOLIS-CONTINENTE,,
510180,510180 - SUPERINTENDÊNCIA REGIONAL SUDESTE II,,
510181,510181 - SUPERINTENDÊNCIA REGIONAL SUL,,
510188,510188 - GERÊNCIA EXECUTIVA CRICIÚMA,,
510190,510190 - GERÊNCIA EXECUTIVA BLUMENAU,,
510191,510191 - APS BRUSQUE,,
510193,510193 - GERÊNCIA EXECUTIVA JOINVILLE,,
510196,510196 - APS LAGES,,
510198,510198 - APS SÃO BENTO DO SUL,,
510199,510199 - APS RIO DO SUL,,
510201,510201 - APS CANOINHAS,,
510204,510204 - APS LAGUNA,,
510205,510205 - APS LAURO MULLER,,
510209,510209 - GERÊNCIA EXECUTIVA CHAPECÓ,,
510213,510213 - APS SÃO JOAQUIM,,
510216,510216 - APS ORLEANS,,
510217,510217 - APS BRAÇO DO NORTE,,
510224,510224 - APS IBIRAMA,,
510237,510237 - APS JEQUITINHONHA,,
510239,510239 - APS SANTA RITA DO SAPUCAÍ,,
510279,510279 - APS ANDRADAS,,
510280,510280 - GERÊNCIA EXECUTIVA CAMPO GRANDE,,
510297,510297 - GERÊNCIA EXECUTIVA DOURADOS,,
510298,510298 - APS TRÊS LAGOAS,,
510303,510303 - APS JARDIM,,
510306,510306 - APS PONTA PORÃ,,
510319,510319 - APS ITAMBACURI,,
510328,510328 - APS ITAMARANDIBA,,
510350,510350 - GERÊNCIA EXECUTIVA VITÓRIA,,
510356,510356 - UNID.TEC.DE REAB.PROFISSIONAL VITÓRIA,,
510366,510366 - APS COLATINA,,
510367,510367 - APS ALEGRE,,
510372,510372 - APS NOVA VENÉCIA,,
510378,510378 - APS CONFRESA,,
510383,510383 - APS ITABELA,,
510405,510405 - GERÊNCIA EXECUTIVA GOIÂNIA,,
510411,510411 - UNID.TEC.DE REAB.PROFISSIONAL GOIÂNIA,,
510421,510421 - GERÊNCIA EXECUTIVA ANÁPOLIS,,
510423,510423 - APS RIO VERDE,,
510424,510424 - APS ITUMBIARA,,
510427,510427 - APS JATAÍ,,
510446,510446 - APS CARLOS CHAGAS,,
510466,510466 - APS MEDEIROS NETO,,
510467,510467 - APS ITANHÉM,,
510475,510475 - APS BELMONTE,,
510480,510480 - GERÊNCIA EXECUTIVA RIO BRANCO,,
510510,510510 - GERÊNCIA EXECUTIVA JOÃO PESSOA,,
510517,510517 - UNID.TEC.DE REAB.PROFISSIONAL JOÃO PESSOA,,
510525,510525 - GERÊNCIA EXECUTIVA CAMPINA GRANDE,,
510547,510547 - GERÊNCIA EXECUTIVA SANTARÉM,,
510580,510580 - GERÊNCIA EXECUTIVA MANAUS,,
510597,510597 - APS ITACOATIARA,,
510599,510599 - GERÊNCIA EXECUTIVA BOA VISTA,,
510630,510630 - GERÊNCIA EXECUTIVA PALMAS,,
510670,510670 - GERÊNCIA EXECUTIVA CURITIBA,,
510677,510677 - SUPERINTENDÊNCIA REGIONAL NORDESTE,,
510678,510678 - SUPERINTENDÊNCIA REGIONAL NORTE/CENTRO-OESTE,,
510685,510685 - GERÊNCIA EXECUTIVA PONTA GROSSA,,
510686,510686 - GERÊNCIA EXECUTIVA LONDRINA,,
510687,510687 - APS TELÊMACO BORBA,,
510688,510688 - APS JAGUARIAÍVA,,
510689,510689 - APS GUARAPUAVA,,
510690,510690 - APS APUCARANA,,
510692,510692 - APS JACAREZINHO,,
510693,510693 - APS PARANAGUÁ,,
510694,510694 - APS UNIÃO DA VITÓRIA,,
510695,510695 - GERÊNCIA EXECUTIVA MARINGÁ,,
510697,510697 - APS CORNÉLIO PROCÓPIO,,
510699,510699 - GERÊNCIA EXECUTIVA CASCAVEL,,
510700,510700 - APS PATO BRANCO,,
510702,510702 - APS FOZ DO IGUAÇU,,
510712,510712 - APS ARAPONGAS,,
510760,510760 - GERÊNCIA EXECUTIVA NATAL,,
510767,510767 - UNID.TEC.DE REAB.PROFISSIONAL NATAL,,
510776,510776 - GERÊNCIA EXECUTIVA MOSSORÓ,,
510815,510815 - GERÊNCIA EXECUTIVA FORTALEZA,,
510830,510830 - GERÊNCIA EXECUTIVA JUAZEIRO DO NORTE,,
510831,510831 - GERÊNCIA EXECUTIVA SOBRAL,,
510832,510832 - APS IGUATU,,
510838,510838 - APS CAMPOS SALES,,
510842,510842 - APS SENADOR POMPEU,,
510843,510843 - APS CAMOCIM,,
510890,510890 - GERÊNCIA EXECUTIVA PORTO ALEGRE,,
510905,510905 - APS BAGÉ,,
510907,510907 - GERÊNCIA EXECUTIVA CAXIAS DO SUL,,
510909,510909 - GERÊNCIA EXECUTIVA NOVO HAMBURGO,,
510910,510910 - GERÊNCIA EXECUTIVA PELOTAS,,
510911,510911 - APS RIO GRANDE,,
510912,510912 - APS SANTA CRUZ DO SUL,,
510913,510913 - GERÊNCIA EXECUTIVA SANTA MARIA,,
510915,510915 - APS BENTO GONÇALVES,,
510916,510916 - APS CACHOEIRA DO SUL,,
510917,510917 - GERÊNCIA EXECUTIVA IJUÍ,,
510918,510918 - GERÊNCIA EXECUTIVA PASSO FUNDO,,
510919,510919 - APS VACARIA,,
510921,510921 - GERÊNCIA EXECUTIVA CANOAS,,
510923,510923 - GERÊNCIA EXECUTIVA URUGUAIANA,,
510941,510941 - APS CAMAQUÃ,,
511080,511080 - GERÊNCIA EXECUTIVA CUIABÁ,,
511087,511087 - UNID.TEC.DE REAB.PROFISSIONAL CUIABÁ,,
511095,511095 - APS RONDONÓPOLIS,,
511096,511096 - APS BARRA DO GARÇAS,,
511099,511099 - APS TANGARÁ DA SERRA,,
511135,511135 - GERÊNCIA EXECUTIVA MACEIÓ,,
511152,511152 - APS PENEDO,,
511155,511155 - APS PALMEIRA DOS INDIOS,,
511180,511180 - GERÊNCIA EXECUTIVA RECIFE,,
511195,511195 - GERÊNCIA EXECUTIVA PETROLINA,,
511197,511197 - APS SERRA TALHADA,,
511199,511199 - GERÊNCIA EXECUTIVA CARUARU,,
511206,511206 - GERÊNCIA EXECUTIVA GARANHUNS,,
511212,511212 - APS SALGUEIRO,,
511270,511270 - GERÊNCIA EXECUTIVA SÃO LUÍS,,
511286,511286 - GERÊNCIA EXECUTIVA IMPERATRIZ,,
511325,511325 - GERÊNCIA EXECUTIVA SÃO PAULO-CENTRO,,
511328,511328 - GERÊNCIA EXECUTIVA SÃO PAULO-NORTE,,
511331,511331 - UNID.TEC.DE REAB.PROFISSIONAL BAURU,,
511339,511339 - GERÊNCIA EXECUTIVA SÃO PAULO-SUL,,
511341,511341 - GERÊNCIA EXECUTIVA SÃO PAULO-LESTE,,
511350,511350 - GERÊNCIA EXECUTIVA ARAÇATUBA,,
511352,511352 - GERÊNCIA EXECUTIVA ARARAQUARA,,
511354,511354 - APS AVARÉ,,
511359,511359 - GERÊNCIA EXECUTIVA CAMPINAS,,
511364,511364 - GERÊNCIA EXECUTIVA GUARULHOS,,
511367,511367 - GERÊNCIA EXECUTIVA BAURU,,
511393,511393 - GERÊNCIA EXECUTIVA TAUBATÉ,,
511397,511397 - GERÊNCIA EXECUTIVA OSASCO,,
511401,511401 - GERÊNCIA EXECUTIVA PIRACICABA,,
511413,511413 - GERÊNCIA EXECUTIVA SOROCABA,,
511416,511416 - APS REGISTRO,,
511417,511417 - GERÊNCIA EXECUTIVA PRESIDENTE PRUDENTE,,
511423,511423 - GERÊNCIA EXECUTIVA SÃO JOSÉ DOS CAMPOS,,
511424,511424 - GERÊNCIA EXECUTIVA SÃO JOSÉ DO RIO PRETO,,
511425,511425 - GERÊNCIA EXECUTIVA JUNDIAÍ,,
511426,511426 - APS JAÚ,,
511431,511431 - APS MOGI DAS CRUZES,,
511436,511436 - GERÊNCIA EXECUTIVA MARÍLIA,,
511441,511441 - GERENCIA EXECUTIVA RIBEIRÃO PRETO,,
511442,511442 - GERÊNCIA EXECUTIVA SANTO ANDRÉ,,
511443,511443 - GERÊNCIA EXECUTIVA SÃO JOÃO DA BOA VISTA,,
511444,511444 - APS SÃO CARLOS,,
511446,511446 - GERÊNCIA EXECUTIVA SANTOS,,
511449,511449 - GERÊNCIA EXECUTIVA SÃO BERNARDO DO CAMPO,,
511640,511640 - GERÊNCIA EXECUTIVA SALVADOR,,
511656,511656 - GERÊNCIA EXECUTIVA SANTO ANTÔNIO DE JESUS,,
511661,511661 - APS AMÉLIA RODRIGUES,,
511669,511669 - GERÊNCIA EXECUTIVA BARREIRAS,,
511673,511673 - GERÊNCIA EXECUTIVA VITÓRIA DA CONQUISTA,,
511674,511674 - GERÊNCIA EXECUTIVA ITABUNA,,
511679,511679 - GERÊNCIA EXECUTIVA JUAZEIRO,,
511682,511682 - GERÊNCIA EXECUTIVA FEIRA DE SANTANA,,
511683,511683 - APS ILHÉUS,,
511690,511690 - APS EUNÁPOLIS,,
511694,511694 - APS CONCEIÇÃO DO COITÉ,,
511699,511699 - APS TEIXEIRA DE FREITAS,,
511770,511770 - GERÊNCIA EXECUTIVA BELO HORIZONTE,,
511783,511783 - APS MACHADO,,
511790,511790 - APS CARANGOLA,,
511791,511791 - APS CAXAMBU,,
511792,511792 - GERÊNCIA EXECUTIVA DIAMANTINA,,
511794,511794 - APS SÃO LOURENÇO,,
511796,511796 - APS UBÁ,,
511797,511797 - APS POUSO ALEGRE,,
511799,511799 - APS ALFENAS,,
511801,511801 - APS CARATINGA,,
511802,511802 - APS CORINTO,,
511803,511803 - APS DORES DO INDAIÁ,,
511804,511804 - APS GUAXUPÉ,,
511806,511806 - APS MANHUAÇU,,
511807,511807 - APS MURIAÉ,,
511808,511808 - APS NANUQUE,,
511809,511809 - APS OLIVEIRA,,
511810,511810 - APS PATOS DE MINAS,,
511812,511812 - APS TRÊS CORAÇÕES,,
511813,511813 - APS PATROCÍNIO,,
511814,511814 - APS IPATINGA,,
511815,511815 - APS VIÇOSA,,
511817,511817 - APS CAETÉ-TANCREDO NEVES,,
511822,511822 - APS VESPASIANO,,
511823,511823 - APS ALMENARA,,
511826,511826 - APS JOÃO MONLEVADE,,
511827,511827 - GERÊNCIA EXECUTIVA JUIZ DE FORA,,
511828,511828 - GERÊNCIA EXECUTIVA UBERABA,,
511829,511829 - GERÊNCIA EXECUTIVA BARBACENA,,
511830,511830 - APS CATAGUASES,,
511831,511831 - APS CURVELO,,
511832,511832 - GERÊNCIA EXECUTIVA DIVINÓPOLIS,,
511833,511833 - APS ITABIRITO,,
511834,511834 - APS ITAJUBÁ,,
511836,511836 - APS SÃO JOÃO DEL REI,,
511838,511838 - APS LAVRAS,,
511839,511839 - APS SABARÁ,,
511840,511840 - GERÊNCIA EXECUTIVA UBERLÂNDIA,,
511841,511841 - APS TIMÓTEO,,
511842,511842 - GERÊNCIA EXECUTIVA GOVERNADOR VALADARES,,
511843,511843 - GERÊNCIA EXECUTIVA MONTES CLAROS,,
511844,511844 - APS SETE LAGOAS,,
511845,511845 - GERÊNCIA EXECUTIVA CONTAGEM,,
511846,511846 - APS CONSELHEIRO LAFAIETE,,
511847,511847 - APS BARÃO DE COCAIS,,
511848,511848 - APS LEOPOLDINA,,
511849,511849 - APS PONTE NOVA,,
511850,511850 - APS PARÁ DE MINAS,,
511851,511851 - GERÊNCIA EXECUTIVA OURO PRETO,,
511852,511852 - GERÊNCIA EXECUTIVA VARGINHA,,
511853,511853 - GERÊNCIA EXECUTIVA POÇOS DE CALDAS,,
511855,511855 - APS PEDRO LEOPOLDO,,
511856,511856 - APS VISCONDE DO RIO BRANCO,,
511857,511857 - GERÊNCIA EXECUTIVA TEÓFILO OTONI,,
511858,511858 - APS ITABIRA,,
511859,511859 - APS ALÉM PARAÍBA,,
511860,511860 - APS CONGONHAS,,
511861,511861 - APS CORONEL FABRICIANO,,
511863,511863 - APS NOVA LIMA,,
511865,511865 - APS ARAGUARI,,
511866,511866 - APS ITUIUTABA,,
511888,511888 - APS MEDINA,,
512001,512001 - COORDENAÇÃO-GERAL DE GESTAO DE PESSOAS,,
512006,512006 - COORDENAÇÃO-GERAL DE LICITAÇÕES E CONTRATOS,,
512035,512035 - GERÊNCIA EXECUTIVA PORTO VELHO,,
512060,512060 - GERÊNCIA EXECUTIVA RIO DE JANEIRO-CENTRO,,
512074,512074 - GERÊNCIA EXECUTIVA RIO DE JANEIRO-NORTE,,
512078,512078 - APS ITABORAÍ,,
512082,512082 - GERÊNCIA EXECUTIVA CAMPOS DOS GOYTACAZES,,
512086,512086 - GERÊNCIA EXECUTIVA PETRÓPOLIS,,
512087,512087 - GERÊNCIA EXECUTIVA DUQUE DE CAXIAS,,
512088,512088 - APS CABO FRIO,,
512090,512090 - APS SÃO GONÇALO,,
512093,512093 - GERÊNCIA EXECUTIVA VOLTA REDONDA,,
512096,512096 - APS MACAÉ,,
512101,512101 - APS SÃO FIDELIS,,
512109,512109 - APS RIO BONITO,,
512111,512111 - GERÊNCIA EXECUTIVA NITERÓI,,
512156,512156 - APS SALVADOR-BROTAS,,
512240,512240 - APS JUAZEIRO DO NORTE,,
512247,512247 - APS NITERÓI-BAIRRO DE FÁTIMA,,
512266,512266 - APS PARNAMIRIM,,
512315,512315 - APS MONTANHA,,
512375,512375 - APS PRIMAVERA DO LESTE,,
512458,512458 - APS MUZAMBINHO,,
512459,512459 - APS CAMBUÍ,,
512460,512460 - APS FRUTAL,,
512469,512469 - APS ÁGUAS FORMOSAS,,
512470,512470 - APS PEDRA AZUL,,
512540,512540 - APS BANDEIRANTES,,
512541,512541 - APS IVAIPORÃ,,
512547,512547 - APS LARANJEIRAS DO SUL,,
512591,512591 - APS CAMPO BELO,,
512593,512593 - APS BOA ESPERANÇA,,
512594,512594 - APS ARAÇUAÍ,,
530001,530001 - MI/SE/DGI/ADMINISTRACAO GERAL,,
530002,530002 - MI/SE/DGE/ORCAMENTO E FINANCAS,,
530012,530012 - SECRETARIA NACIONAL DE DEFESA CIVIL - SEDEC,,
530013,530013 - SECRETARIA DE INFRA-ESTRUTURA HIDRICA - SIH,,
530020,530020 - CAIXA ECONOMICA FEDERAL - MI,,
530021,530021 - PROAGUA NACIONAL/SE/MI,,
530022,530022 - SECRETARIA NACIONAL DE IRRIGACAO,,
530023,530023 - SECRETARIA DE DESENVOLVIMENTO REGIONAL,,
530025,530025 - INTERAGUAS - 8074-BR,,
533008,533008 - FUNDO DE DESENVOLVIMENTO DA AMAZONIA,,
533009,533009 - FUNDO DE DESENVOLVIMENTO DO NORDESTE,,
533013,533013 - SUPERINTEND. DO DESENVOLVIMENTO DA AMAZONIA,,
533014,533014 - SUPERINTENDENCIA DO DESENVOLV. DO NORDESTE,,
533018,533018 - SUPERINT. DO DESENVOLVIMENTO DO CENTRO-OESTE,,
533027,533027 - CAIXA ECONOMICA FEDERAL - SUDECO,,
537001,537001 - FUNDO CONSTITUCIONAL DE FINANCIAM.DO NORDESTE,,
537002,537002 - FUNDO CONSTITUCIONAL DE FINANCIAM.DO NORTE,,
537003,537003 - FUNDO CONSTITUCIONAL DO CENTRO OESTE,,
537004,537004 - FUNDO DE DESENVOLVIMENTO DO CENTRO-OESTE,,
540001,540001 - COORD.-GERAL DE PLANEJ.ORCAM.E FINANC.- CGPOF,,
540004,540004 - COORDENACAO-GERAL DE RECURSOS LOGISTICOS-CGRL,,
540005,540005 - SEC. NAC.DE PROG DE DESEV.DO TURISMO/SNPDTUR,,
540006,540006 - SECRETARIA NAC.DE POLITICAS DE TURISMO-SNPTUR,,
540007,540007 - CEF/MINISTERIO DO TURISMO/MTUR,,
540012,540012 - COORDENACAO-GERAL DE CONVENIOS - CGCV,,
540014,540014 - PRODETUR NACIONAL - MTUR,,
550002,550002 - SETORIAL DE ORÇAMENTO E FINANÇAS/MDS,,
550003,550003 - SECRETARIA EXECUTIVA - M.D.S.C.F,,
550005,550005 - COORDENACAO GERAL DE LOGISTICA E ADM/M.D.S.,,
550006,550006 - COORDENACAO GERAL DE RECURSOS HUMANOS/ M.D.S.,,
550007,550007 - SECRETARIA NACIONAL DE RENDA E CIDADANIA,,
550008,550008 - SECRETARIA NACIONAL DE SEG.ALIM E NUTRICIONAL,,
550009,550009 - SESAN / INCLUSAO PRODUTIVA,,
550011,550011 - SECRETARIA NACIONAL DE ASSISTENCIA SOCIAL.,,
550013,550013 - PROJETO DE OPERACIONALIZ. DOS PROGRAMAS SESAN,,
550015,550015 - PROJETO DE OPERACION. DOS PROGRAMAS DA SNAS,,
550017,550017 - II PROJETO DE APOIO AO PBF E AO CNDS,,
550018,550018 - SECR. EXTRAORD. PARA A SUPER.DA EXTREMA POBR.,,
550020,550020 - PROJ. DE OPERAC. DOS PROGRAMAS SESAN/BNB,,
560003,560003 - SECRETARIA EXECUTIVA - MINIST.DAS CIDADES,,
560005,560005 - SECRETARIA NAC. DE HABITACAO MCIDADES,,
560006,560006 - SECRET. NAC. SANEAM. AMBIENTAL M.CIDADES,,
560007,560007 - SECRETARIA NAC.TRANSP MOBILIDADE URB.MCIDADES,,
560008,560008 - SECRETARIA NAC.DE ACESS.PROG.URBANOS MCIDADES,,
560010,560010 - COORDENACAO-GERAL DE RECURSOS LOGISTICOS,,
560011,560011 - COORDENACAO-GERAL DE RECURSOS HUMANOS,,
560013,560013 - SECRET. NAC. SANEAM. AMBIENTAL M.CIDADES PROJ,,
560015,560015 - FUNDO NACIONAL DE HABIT.DE INTERESSE SOCIAL,,
560018,560018 - CAIXA ECONOMICA FEDERAL - FNHIS,,
560019,560019 - CAIXA ECON.FEDERAL-PROG.NAC.HAB.URBANA/PMCMV,,
560020,560020 - CAIXA ECON.FEDERAL-PROG.NAC.HAB.RURAL/PMCMV,,
560021,560021 - CONSELHO DAS CIDADES,,
560024,560024 - PROGRAMA INTERAGUAS-TAL N.8074-BR/BIRD,,
580011,580011 - SUPERINT.FED.DE PESCA E AQUICULTURA/AC,,
580012,580012 - SUPERINT.FED.DE PESCA E AQUICULTURA/AL,,
580013,580013 - SUPERINT.FED.DE PESCA E AQUICULTURA/AM,,
580014,580014 - SUPERINT.FED.DE PESCA E AQUICULTURA/AP,,
580015,580015 - SUPERINT.FED.DE PESCA E AQUICULTURA/BA,,
580016,580016 - SUPERINT.FED.DE PESCA E AQUICULTURA/CE,,
580017,580017 - SUPERINT.FED.DE PESCA E AQUICULTURA/DF,,
580018,580018 - SUPERINT.FED.DE PESCA E AQUICULTURA/ES,,
580019,580019 - SUPERINT.FED.DE PESCA E AQUICULTURA/GO,,
580020,580020 - SUPERINT.FED.DE PESCA E AQUICULTURA/MA,,
580021,580021 - SUPERINT.FED.DE PESCA E AQUICULTURA/MG,,
580022,580022 - SUPERINT.FED.DE PESCA E AQUICULTURA/MS,,
580023,580023 - SUPERINT.FED.DE PESCA E AQUICULTURA/MT,,
580024,580024 - SUPERINT.FED.DE PESCA E AQUICULTURA/PA,,
580025,580025 - SUPERINT.FED.DE PESCA E AQUICULTURA/PB,,
580026,580026 - SUPERINT.FED.DE PESCA E AQUICULTURA/PE,,
580027,580027 - SUPERINT.FED.DE PESCA E AQUICULTURA/PI,,
580028,580028 - SUPERINT.FED.DE PESCA E AQUICULTURA/PR,,
580029,580029 - SUPERINT.FED.DE PESCA E AQUICULTURA/RJ,,
580030,580030 - SUPERINT.FED.DE PESCA E AQUICULTURA/RN,,
580031,580031 - SUPERINT.FED.DE PESCA E AQUICULTURA/RO,,
580032,580032 - SUPERINT.FED.DE PESCA E AQUICULTURA/RR,,
580033,580033 - SUPERINT.FED.DE PESCA E AQUICULTURA/RS,,
580034,580034 - SUPERINT.FED.DE PESCA E AQUICULTURA/SC,,
580035,580035 - SUPERINT.FED.DE PESCA E AQUICULTURA/SE,,
580036,580036 - SUPERINT.FED.DE PESCA E AQUICULTURA/SP,,
580037,580037 - SUPERINT.FED.DA PESCA E AQUICULTURA/TO,,
590001,590001 - CONSELHO NACIONAL DO MINISTERIO PUBLICO,,
590002,590002 - CONSELHO NACIONAL DO MINIST.PUBLICO - PESSOAL,,
590003,590003 - CONSELHO NACIONAL DO MINISTÉRIO PÚBLICO,,
611000,611000 - GABINETE DO COMANDANTE DA MARINHA,,
612000,612000 - SECRETARIA DA COMISSAO INTERMINIST.P/REC.MAR,,
613000,613000 - COMISSAO DE PROMOCOES DE OFICIAIS,,
614000,614000 - CENTRO DE INTELIGÊNCIA DA MARINHA,,
616000,616000 - PROCURADORIA ESPECIAL DA MARINHA,,
620000,620000 - ESTADO-MAIOR DA ARMADA,,
620300,620300 - SECRET DE CIEN TEC E INOV DA MARINHA FUND NAV,,
620301,620301 - INSTITUTO DE PESQUISAS DA MARINHA,,
621000,621000 - ESCOLA DE GUERRA NAVAL,,
623000,623000 - CENTRO DE ANALISES DE SISTEMAS NAVAIS,,
631000,631000 - COMANDO DO MATERIAL DE FUZILEIROS NAVAIS,,
631040,631040 - CENTRO TECNOLOGICO DO CORPO DE FUZ. NAVAIS,,
631050,631050 - BATALHAO NAVAL,,
632100,632100 - CENTRO DE INSTRUCAO ALTE. SYLVIO DE CAMARGO,,
632200,632200 - CENTRO INST.ALMIRANTE MILCIADES PORTELA ALVES,,
632300,632300 - CENTRO DE AVALIAÇÃO DA ILHA DA MARAMBAIA,,
632400,632400 - CENTRO DE EDUCAÇÃO FÍSICA ALTE ADALBE. NUNES,,
640000,640000 - DIRETORIA-GERAL DO MATERIAL DA MARINHA,,
640100,640100 - CENTRO DE PROJETO DE NAVIOS,,
640200,640200 - CENTRO DE MANUTENÇÃO DE SISTEMAS DA MARINHA,,
641000,641000 - ARSENAL DE MARINHA_DO RIO DE JANEIRO,,
641002,641002 - AMRJ OMPS - I APOIO DE BASE,,
642000,642000 - CENTRO TECNOLOGICO DA MARINHA EM SAO PAULO,,
643000,643000 - DIRETORIA DE AERONAUTICA DA MARINHA,,
644000,644000 - DIRETORIA DE SISTEMAS DE ARMAS DA MARINHA,,
644030,644030 - CENTRO DE MISSEIS E ARMAS SUBMAR.DA MARINHA,,
645000,645000 - DIRETORIA DE ENGENHARIA NAVAL,,
646000,646000 - DIRETORIA DE OBRAS CIVIS DA MARINHA,,
649000,649000 - DIR. DE COMUNIC. E TECNOLOGIA DA INF. MARINHA,,
651200,651200 - GRUPAMENTO DE NAVIOS HIDROCEANOGRAFICOS,,
651212,651212 - BASE DE HIDROGRAFIA DA MARINHA EM NITEROI,,
651500,651500 - CENTRO DE SINALIZAÇÃO NAUTICA ALM.MORAES REGO,,
652000,652000 - DIRETORIA DE PORTOS E COSTAS,,
652100,652100 - CENTRO DE INSTRUCAO ALMIRANTE GRACA ARANHA,,
653000,653000 - INST.DE ESTUDOS DO MAR ALTE.PAULO MOREIRA,,
660000,660000 - DIRETORIA-GERAL DO PESSOAL DA MARINHA,,
662000,662000 - DIRETORIA DE ENSINO DA MARINHA,,
662001,662001 - RESERVA TECNICA DA DENSM,,
662200,662200 - CENTRO DE INSTRUCAO ALMIRANTE WANDENKOLK,,
662300,662300 - COLEGIO NAVAL,,
662400,662400 - ESCOLA NAVAL,,
662500,662500 - SERVICO DE SELECAO DO PESSOAL DA MARINHA,,
662600,662600 - CENTRO DE INSTRUCAO ALMIRANTE ALEXANDRINO,,
663000,663000 - DIRETORIA DO PESSOAL CIVIL DA MARINHA,,
664000,664000 - DIRETORIA DO PESSOAL MILITAR DA MARINHA,,
664100,664100 - SERVICO DE IDENTIFICACAO DA MARINHA,,
664200,664200 - SERVICO DE INATIVOS E PENSIONISTAS DA MARINHA,,
665000,665000 - DIRETORIA DE SAUDE DA MARINHA,,
665001,665001 - RESERVA TECNICA DA DSM,,
665700,665700 - CENTRO MEDICO ASSISTENCIAL DA MARINHA,,
665701,665701 - HOSPITAL CENTRAL_DA MARINHA,,
665703,665703 - ODONTOCLINICA CENTRAL,,
665704,665704 - POLICLINICA NAVAL NOSSA SENHORA DA GLORIA,,
665705,665705 - UNIDADE INTEGRADA DE SAUDE MENTAL,,
665706,665706 - SANATORIO NAVAL DE NOVA FRIBURGO,,
665710,665710 - CENTRO DE MEDICINA OPERATIVA DA MARINHA,,
665720,665720 - HOSPITAL NAVAL MARCILIO DIAS,,
665741,665741 - LABORATORIO FARMACEUTICO DA MARINHA,,
667000,667000 - DIRETORIA DE ASSISTENCIA SOCIAL DA MARINHA,,
667001,667001 - DIR.DE ASSISTENCIA SOCIAL DA MARINHA-RESERVA,,
667100,667100 - SERVICO DE ASSISTENCIA SOCIAL DA MARINHA,,
667200,667200 - CASA DO MARINHEIRO,,
670000,670000 - SECRETARIA-GERAL DA MARINHA,,
670100,670100 - COMISSAO NAVAL BRASILEIRA NA EUROPA - LONDRES,,
670101,670101 - FUNDO NAVAL/CNBE - SISTEMA - EXTERIOR,,
670200,670200 - COMISSAO NAVAL BRASILEIRA EM WASHINGTON,,
670201,670201 - FUNDO NAVAL/CNBW,,
671000,671000 - DIRETORIA DE ABASTECIMENTO DA MARINHA,,
671001,671001 - RESERVA TECNICA DA DABM,,
671100,671100 - BASE DE ABASTEC. DA MARINHA NO RIO DE JANEIRO,,
671200,671200 - CENTRO DE CONTROLE DE INVENTARIO DA MARINHA,,
671210,671210 - DEPOSITO DE COMBUSTIVEIS_DA MB NO RIO JANEIRO,,
671250,671250 - DEPOSITO DE SOBRESSALENTES DA MARINHA_NO RJ,,
671280,671280 - CENTRO DE MUNICAO DA MARINHA,,
671300,671300 - CENTRO DE OBTENCAO DA MARINHA NO R.J.,,
672001,672001 - DIRETORIA DE GESTÃO ORÇAMENTARIA DA MARINHA,,
672002,672002 - DIRETORIA DE GESTÃO ORÇAMENTARIA DA MARINHA,,
672003,672003 - RESERVA TECNICA DGOM,,
672006,672006 - RESERVA TECNICA DGOM - SISTEMAS,,
673000,673000 - DIRETORIA DE FINANCAS DA MARINHA,,
673001,673001 - DIRETORIA DE FINANCAS-SISTEMA PARA O PAIS/MM,,
673002,673002 - DIRETORIA DE FINANCAS-SISTEMA PARA O EXTERIOR,,
673006,673006 - DIRETORIA DE FINANCAS DA MARINHA-FUNDO NAVAL,,
673200,673200 - PAGADORIA DE PESSOAL DA MARINHA - PAPEM-PAIS,,
673202,673202 - PAGADORIA DO PESSOAL DA MARINHA - PAPEM - OM,,
679000,679000 - DIR. DE PATR. HIST. E DOCUMENTAÇÃO DA MARINHA,,
680000,680000 - COMANDO DE OPERACOES NAVAIS,,
680001,680001 - RESERVA TECNICA DA SUBCHEFIA AP LOG DO CON,,
680999,680999 - SEPOR - DIFERENCA CAMBIAL,,
681000,681000 - COMANDO DO 1.DISTRITO NAVAL,,
681009,681009 - COMANDO DO 1 DN - RELATOR ADJUNTO,,
681100,681100 - COMANDO DO GRUPAMENTO DE PATRULHA NAV. DO SUD,,
681200,681200 - GRUPAMENTO DE FUZILEIROS NAVAIS_DO RJ,,
681310,681310 - CAPITANIA DOS PORTOS DO ESPIRITO SANTO,,
681330,681330 - CAPITANIA DOS PORTOS DO RIO DE JANEIRO.,,
681331,681331 - DELEG. DA CAPIT. DOS PORTOS EM ANGRA DOS REIS,,
681332,681332 - DELEG. DA CAPITANIA DOS PORTOS EM ITACURUCA,,
681333,681333 - DELEGACIA DA CAPITANIA DOS PORTOS EM MACAE,,
681401,681401 - ESTACAO RADIOGONIOMETRICA MB EM CAMPOS NOVOS,,
681402,681402 - ESTACAO RADIO DA MARINHA_NO RIO DE JANEIRO,,
681600,681600 - ESCOLA DE APRENDIZES-MARINHEIROS DO ES,,
682009,682009 - COMANDO DO 2 DN - RELATOR ADJUNTO,,
682010,682010 - AGENCIA NACIONAL DE TRANSPORTES AQUAVIARIOS,,
682311,682311 - DELEG.CAPITANIA PORTOS EM ILHEUS,,
682320,682320 - CAPITANIA DOS PORTOS DE SERGIPE,,
682330,682330 - CAPITANIA FLUVIAL DO SAO FRANCISCO,,
682700,682700 - HOSPITAL NAVAL_DE SALVADOR,,
682801,682801 - BASE NAVAL DE ARATU,,
682802,682802 - CENTRO DE INTENDENCIA DA MARINHA EM SALVADOR,,
683009,683009 - COMANDO DO 3 DN - RELATOR ADJUNTO,,
683310,683310 - CAPITANIA DOS PORTOS DE ALAGOAS,,
683330,683330 - CAPITANIA DOS PORTOS DA PARAIBA,,
683601,683601 - ESCOLA DE APRENDIZES-MARINHEIROS DO CEARA,,
683602,683602 - ESCOLA DE APREND.-MARINHEIROS DE PERNAMBUCO,,
683701,683701 - HOSPITAL NAVAL DE NATAL,,
683702,683702 - HOSPITAL NAVAL DE RECIFE,,
683800,683800 - BASE NAVAL DE NATAL,,
683810,683810 - CENTRO DE INTENDENCIA DA MARINHA EM NATAL,,
684009,684009 - COMANDO DO 4 DN - RELATOR ADJUNTO,,
684311,684311 - CAPITANIA FLUVIAL DE SANTAREM,,
684312,684312 - CAPITANIA DOS PORTOS DO AMAPÁ,,
684320,684320 - CAPITANIA DOS PORTOS DO MARANHAO,,
684330,684330 - CAPITANIA DOS PORTOS DO  PIAUI,,
684700,684700 - HOSPITAL NAVAL DE BELEM,,
684800,684800 - BASE NAVAL DE VAL-DE-CAES,,
684810,684810 - CENTRO DE INTENDENCIA DA MARINHA EM BELEM,,
685009,685009 - COMANDO DO 5 DN - RELATOR ADJUNTO,,
685310,685310 - CAPITANIA FLUVIAL DO RIO PARANA,,
685320,685320 - CAPITANIA DOS PORTOS DO PARANA,,
685331,685331 - DEL CAP PORTOS RGS EM PORTO ALEGRE,,
685340,685340 - CAPITANIA DOS PORTOS DE SANTA CATARINA,,
685600,685600 - ESCOLA DE APRENDIZES-MARINHEIROS DE SC,,
685800,685800 - ESTACAO NAVAL DO RIO GRANDE,,
685810,685810 - CENTRO DE INTENDENCIA DA MARINHA EM RIO GRAND,,
686009,686009 - COMANDO DO 6 DN - RELATOR ADJUNTO,,
686700,686700 - HOSPITAL NAVAL DE LADARIO,,
686800,686800 - BASE FLUVIAL DE LADARIO,,
686810,686810 - CENTRO DE INTENDENCIA DA MARINHA EM LADARIO,,
687000,687000 - COMANDO DO 7.DN,,
687009,687009 - COMANDO NAVAL - RELATOR ADJUNTO DE BRASILIA,,
687200,687200 - GRUPAMENTO DE FUZILEIROS NAVAIS_DE BRASILIA,,
687310,687310 - CAPITANIA FLUVIAL DO ARAGUAIA - TOCANTINS,,
687400,687400 - ESTACAO RADIO DA MARINHA EM BRASILIA,,
687700,687700 - HOSPITAL NAVAL DE BRASILIA,,
687900,687900 - CENTRO DE INST.E ADESTRAMENTO DE BRASILIA,,
688009,688009 - COMANDO NAVAL DA AMAZONIA OCIDENTAL-RA,,
688310,688310 - CAPITANIA FLUVIAL DA AMAZONIA OCIDENTAL,,
688810,688810 - ESTACAO NAVAL DO RIO NEGRO,,
688820,688820 - CENTRO DE INTENDENCIA DA MARINHA EM MANAUS,,
689000,689000 - COMANDO DO 8.DISTRITO NAVAL,,
689009,689009 - COMANDO DO 8. DN - RELATOR ADJUNTO,,
689200,689200 - CENTRO DE COORD.DE ESTUDOS DA MARINHA EM SP,,
689310,689310 - CAPITANIA DOS PORTOS DE SAO PAULO,,
689311,689311 - DEL.DA CAPITANIA DOS PORTOS EM SAO SEBASTIAO,,
689320,689320 - CAPITANIA FLUVIAL DO TIETE-PARANA,,
689321,689321 - DELEGACIA FLUVIAL DE PRESIDENTE EPITACIO,,
690001,690001 - SECRETARIA DA MICRO E PEQUENA EMPRESA,,
691000,691000 - COMANDO-EM-CHEFE DA ESQUADRA,,
691009,691009 - COMANDO EM CHEFE-RELATOR ADJUNTO DA ESQUADRA,,
691180,691180 - BASE AEREA NAVAL DE SAO PEDRO DA ALDEIA,,
691181,691181 - CENTRO DE INTEND. DA MARINHA EM S.PEDRO DA AL,,
691500,691500 - COMANDO DA FORCA DE SUBMARINOS,,
691580,691580 - BASE ALMIRANTE CASTRO E SILVA,,
691590,691590 - CENTRO DE INSTR.E ADESTR.ALM.ATILA M.ACHE,,
691600,691600 - COMANDO DA FORCA DE SUPERFICIE,,
691610,691610 - COMANDO DO PRIMEIRO ESQUADRAO DE ESCOLTAS,,
691620,691620 - COMANDO DO SEGUNDO ESQUADRAO DE ESCOLTA,,
691660,691660 - COMANDO DO PRIMEIRO ESQUADRAO DE APOIO,,
691800,691800 - BASE NAVAL DO RIO DE JANEIRO,,
691901,691901 - CENTRO DE ADESTRAMENTO ALM.MARQUES DE LEAO,,
691902,691902 - CENTRO DE APOIO A SISTEMAS OPERATIVOS,,
691904,691904 - CENTRO DE MANUTENCAO DE EMBARCACOES MIUDAS,,
695009,695009 - COM. DA FORCA-REL. ADJ. DE FUZILS. DA ESQ.,,
695180,695180 - BASE DE FUZILEIROS NAVAIS DA I. DO GOVERNADOR,,
695380,695380 - BASE DE FUZILEIROS NAVAIS DA ILHA DAS FLORES,,
695400,695400 - BATALHAO DE OPERACOES ESPECIAIS DE FN,,
695500,695500 - BASE DE FUZILEIROS NAVAIS DO RIO MERITI,,
699999,699999 - FUNDO NAVAL - DIFERENCA CAMBIAL,,
710100,710100 - TRIBUNAL MARITIMO,,
710300,710300 - AMAZÔNIA AZUL TECNOL. DE DEFESA S.A - AMAZUL,,
711000,711000 - GABINETE DO COMANDANTE DA MARINHA,,
711100,711100 - CENTRO DE COMUNICAÇÃO SOCIAL DA MARINHA,,
711109,711109 - CENTRO DE COM.SOC DA MARINHA - RELATORA DO PB,,
712000,712000 - SECRETARIA DA COMISSAO INTERMINIST.P/REC.MAR,,
713000,713000 - COMISSAO DE PROMOCOES DE OFICIAIS,,
714000,714000 - CENTRO DE INTELIGÊNCIA DA MARINHA,,
716000,716000 - PROCURADORIA ESPECIAL DA MARINHA,,
720000,720000 - ESTADO-MAIOR DA ARMADA,,
720300,720300 - SECRETARIA DE CIENC.TEC E INOV DA MARINHA,,
720301,720301 - INSTITUTO DE PESQUISAS DA MARINHA,,
720309,720309 - RESERVA TÉCNICA DA SECCTM,,
721000,721000 - ESCOLA DE GUERRA NAVAL,,
723000,723000 - CENTRO DE ANALISES DE SISTEMAS NAVAIS,,
731000,731000 - COMANDO DO MATERIAL DE FUZILEIROS NAVAIS,,
731040,731040 - CENTRO TECNOLOGICO DO CORPO DE FUZ. NAVAIS,,
731050,731050 - BATALHAO NAVAL,,
732100,732100 - CENTRO DE INSTRUCAO ALTE. SYLVIO DE CAMARGO,,
732200,732200 - CENTRO INST.ALMIRANTE MILCIADES PORTELA ALVES,,
732300,732300 - CENTRO DE AVALIAÇÃO DA ILHA DA MARAMBAIA,,
732400,732400 - CENTRO DE EDUCAÇÃO FÍSICA ALTE ADALBE. NUNES,,
740000,740000 - DIRETORIA-GERAL DO MATERIAL DA MARINHA,,
740002,740002 - COORD-GERAL PROG. DESENV. SUBMAR. NUCLEAR,,
740003,740003 - COORD-GERAL PROG. DESENV. SUBMAR. NUCLEAR,,
740100,740100 - CENTRO DE PROJETO DE NAVIOS,,
740200,740200 - CENTRO DE MANUTENÇÃO DE SISTEMAS DA MARINHA,,
741000,741000 - ARSENAL DE MARINHA_DO RIO DE JANEIRO,,
741002,741002 - ARMJ OMPS - I APOIO DE BASE,,
742000,742000 - CENTRO TECNOLOGICO DA MARINHA EM SAO PAULO,,
743000,743000 - DIRETORIA DE AERONAUTICA DA MARINHA,,
744000,744000 - DIRETORIA DE SISTEMAS DE ARMAS DA MARINHA,,
744030,744030 - CENTRO DE MISSEIS E ARMAS SUBMAR.DA MARINHA,,
745000,745000 - DIRETORIA DE ENGENHARIA NAVAL,,
746000,746000 - DIRETORIA DE OBRAS CIVIS DA MARINHA,,
749000,749000 - DIR. DE COMUNIC. E TECNOLOGIA DA INF. MARINHA,,
751000,751000 - DIRETORIA DE HIDROGRAFIA E NAVEGACAO,,
751001,751001 - RESERVA TECNICA DA DHN,,
751200,751200 - GRUPAMENTO DE NAVIOS HIDROCEANOGRAFICOS,,
751212,751212 - BASE DE HIDROGRAFIA DA MARINHA EM NITEROI,,
751500,751500 - CENTRO DE SINALIZAÇÃO NAUTICA ALM.MORAES REGO,,
752000,752000 - DIRETORIA DE PORTOS E COSTAS,,
752002,752002 - RESERVA TECNICA DA DPC,,
752100,752100 - CENTRO DE INSTRUCAO ALMIRANTE GRACA ARANHA,,
753000,753000 - INSTITUTO DE EST. DO MAR ALTE PAULO MOREIRA,,
760000,760000 - DIRETORIA-GERAL DO PESSOAL DA MARINHA,,
762000,762000 - DIRETORIA DE ENSINO DA MARINHA,,
762001,762001 - 098117/O-4CNICA DA DENSM,,
762200,762200 - CENTRO DE INSTRUCAO ALMIRANTE WANDENKOLK,,
762300,762300 - COLEGIO NAVAL,,
762400,762400 - ESCOLA NAVAL,,
762500,762500 - SERVICO DE SELECAO DO PESSOAL DA MARINHA,,
762600,762600 - CENTRO DE INSTRUCAO ALMIRANTE ALEXANDRINO,,
763000,763000 - DIRETORIA DO PESSOAL CIVIL DA MARINHA,,
764000,764000 - DIRETORIA DO PESSOAL MILITAR DA MARINHA,,
764001,764001 - RESERVA TECNICA DA DPMM,,
764100,764100 - SERVICO DE IDENTIFICACAO DA MARINHA,,
764200,764200 - SERVICO DE INATIVOS E PENSIONISTAS DA MARINHA,,
765000,765000 - DIRETORIA DE SAUDE DA MARINHA,,
765001,765001 - RESERVA TECNICA DA DSM,,
765700,765700 - CENTRO MEDICO ASSISTENCIAL DA MARINHA,,
765701,765701 - HOSPITAL CENTRAL_DA MARINHA,,
765703,765703 - ODONTOCLINICA CENTRAL DA MARINHA,,
765704,765704 - POLICLINICA NAVAL NOSSA SENHORA DA GLORIA,,
765705,765705 - UNIDADE INTEGRADA DE SAUDE MENTAL,,
765706,765706 - SANATORIO NAVAL DE NOVA FRIBURGO,,
765710,765710 - CENTRO DE MEDICINA OPERATIVA DA MARINHA,,
765720,765720 - HOSPITAL NAVAL MARCILIO DIAS,,
765741,765741 - LABORATORIO FARMACEUTICO DA MARINHA,,
767000,767000 - DIRETORIA DE ASSISTENCIA SOCIAL DA MARINHA,,
767001,767001 - DIR.DE ASSISTENCIA SOCIAL DA MARINHA-RESERVA,,
767100,767100 - SERVICO DE ASSISTENCIA SOCIAL DA MARINHA,,
767200,767200 - CASA DO MARINHEIRO,,
770000,770000 - SECRETARIA-GERAL DA MARINHA,,
770100,770100 - COMISSAO NAVAL BRASILEIRA NA EUROPA - LONDRES,,
770200,770200 - COMISSAO NAVAL BRASILEIRA EM WASHINGTON,,
771000,771000 - DIRETORIA DE ABASTECIMENTO DA MARINHA,,
771001,771001 - RESERVA TECNICA DA DABM,,
771100,771100 - BASE DE ABASTEC. DA MARINHA NO RIO DE JANEIRO,,
771200,771200 - CENTRO DE CONTROLE DE INVENTARIO DA MARINHA,,
771210,771210 - DEPOSITO DE COMBUSTIVEIS_DA MB NO RIO JANEIRO,,
771220,771220 - DEPOSITO NAVAL NO RIO DE JANEIRO,,
771280,771280 - CENTRO DE MUNICAO DA MARINHA,,
771300,771300 - CENTRO DE OBTENCAO DA MARINHA NO R.J.,,
772001,772001 - DIRETORIA DE GESTÃO ORÇAMENTARIA DA MARINHA,,
772002,772002 - DIRETORIA DE GESTÃO ORÇAMENTARIA DA MARINHA,,
772003,772003 - RESERVA TECNICA DGOM,,
772006,772006 - RESERVA TECNICA DGOM - SISTEMAS,,
772008,772008 - DIRETORIA DE GESTÃO ORÇAMENTARIA DA MARINHA,,
772009,772009 - DIRETORIA DE GESTAO ORCAM. DA MARINHAAMAZUL,,
772100,772100 - CENTRO DE INST. E ADEST. ALM. NEWTON BRAGA,,
772200,772200 - DIRETORIA DE ADMIN. DA MARINHA - SIST/CCCPM,,
773000,773000 - DIRETORIA DE FINANCAS DA MARINHA,,
773001,773001 - DIRETORIA DE FINANCAS DA MARINHA-SISTEMA-PAIS,,
773002,773002 - DIRETORIA DE FINANCAS-SISTEMA PARA O EXTERIOR,,
773008,773008 - DIRETORIA DE FINANÇAS DA MARINHA - CCCPM,,
773009,773009 - DIRETORIA DE FINANCAS DA MARINHA - AMAZUL,,
773200,773200 - PAGADORIA DE PESSOAL DA MARINHA - PAPEM-PAIS,,
773201,773201 - PAGADORIA DE PESSOAL DA MARINHA EXTERIOR.,,
773202,773202 - PAGADORIA DO PESSOAL DA MARINHA -PAPEM-OM,,
778000,778000 - CAIXA DE CONSTR DE CASAS P/ O PESSOAL DA MARI,,
778001,778001 - CCCPM - OPERAC. DOS EMPREST. E FINANC. IMOBIL,,
779000,779000 - DIR. DE PATR. HIST. E DOCUMENTAÇÃO DA MARINHA,,
780000,780000 - COMANDO DE OPERACOES NAVAIS,,
780001,780001 - RESERVA TECNICA DA SUBCHEFIA AP LOG DO CON,,
781000,781000 - COMANDO DO 1.DISTRITO NAVAL,,
781009,781009 - COMANDO DO 1 DN - RELATOR ADJUNTO,,
781100,781100 - COMANDO DO GRUPAMENTO DE PATRULHA NAV. DO SUD,,
781200,781200 - GRUPAMENTO DE FUZILEIROS NAVAIS_DO RJ,,
781310,781310 - CAPITANIA DOS PORTOS DO ESPIRITO SANTO,,
781330,781330 - CAPITANIA DOS PORTOS DO RIO DE JANEIRO.,,
781331,781331 - DELEG. DA CAPIT. DOS PORTOS EM ANGRA DOS REIS,,
781332,781332 - DELEG. DA CAPITANIA DOS PORTOS EM ITACURUCA,,
781333,781333 - DELEGACIA DA CAPITANIA DOS PORTOS EM MACAE,,
781401,781401 - ESTACAO RADIOGONIOMETRICA MB EM CAMPOS NOVOS,,
781402,781402 - ESTACAO RADIO DA MARINHA_NO RIO DE JANEIRO,,
781600,781600 - ESCOLA DE APRENDIZES-MARINHEIROS DO ES,,
782009,782009 - COMANDO DO 2 DN - RELATOR ADJUNTO,,
782200,782200 - GRUPAMENTO DE FUZILEIROS NAVAIS DE SALVADOR,,
782311,782311 - DELEG.CAPITANIA PORTOS EM ILHEUS,,
782320,782320 - CAPITANIA DOS PORTOS DE SERGIPE,,
782330,782330 - CAPITANIA FLUVIAL DO SAO FRANCISCO,,
782700,782700 - HOSPITAL NAVAL_DE SALVADOR,,
782801,782801 - BASE NAVAL DE ARATU,,
782802,782802 - CENTRO DE INTENDENCIA DA MARINHA EM SALVADOR,,
783009,783009 - COMANDO DO 3 DN - RELATOR ADJUNTO,,
783310,783310 - CAPITANIA DOS PORTOS DE ALAGOAS,,
783330,783330 - CAPITANIA DOS PORTOS DA PARAIBA,,
783340,783340 - CAPITANIA DOS PORTOS  DE PERNAMBUCO,,
783601,783601 - ESCOLA DE APRENDIZES-MARINHEIROS DO CEARA,,
783602,783602 - ESCOLA DE APREND.-MARINHEIROS DE PERNAMBUCO,,
783701,783701 - HOSPITAL NAVAL DE NATAL,,
783702,783702 - HOSPITAL NAVAL DE RECIFE,,
783800,783800 - BASE NAVAL DE NATAL,,
783810,783810 - CENTRO DE INTENDENCIA DA MARINHA EM NATAL,,
784000,784000 - COMANDO DO 4.DISTRITO NAVAL,,
784009,784009 - COMANDO DO 4 DN - RELATOR ADJUNTO,,
784110,784110 - COMANDO DO GRUPAMENTO DE PATRULHA NAVAL DO N,,
784311,784311 - CAPITANIA FLUVIAL DE SANTAREM,,
784312,784312 - CAPITANIA DOS PORTOS DO AMAPÁ,,
784320,784320 - CAPITANIA DOS PORTOS DO MARANHAO,,
784330,784330 - CAPITANIA DOS PORTOS DO  PIAUI,,
784700,784700 - HOSPITAL NAVAL DE BELEM,,
784800,784800 - BASE NAVAL DE VAL-DE-CAES,,
784810,784810 - CENTRO DE INTENDENCIA DA MARINHA EM BELEM,,
785009,785009 - COMANDO DO 5 DN - RELATOR ADJUNTO,,
785310,785310 - CAPITANIA FLUVIAL DO RIO PARANA,,
785320,785320 - CAPITANIA DOS PORTOS DO PARANA,,
785331,785331 - DEL CAP PORTOS RGS EM PORTO ALEGRE,,
785340,785340 - CAPITANIA DOS PORTOS DE SANTA CATARINA,,
785600,785600 - ESCOLA DE APRENDIZES-MARINHEIROS DE SC,,
785800,785800 - ESTACAO NAVAL DO RIO GRANDE,,
785810,785810 - CENTRO DE INTENDENCIA DA MARINHA EM RIO GRAND,,
785900,785900 - 5 ESQUADRAO DE HELICOPTEROS DE EMPREGO GERAL,,
786009,786009 - COMANDO DO 6 DN - RELATOR ADJUNTO,,
786700,786700 - HOSPITAL NAVAL DE LADARIO,,
786800,786800 - BASE FLUVIAL DE LADARIO,,
786810,786810 - CENTRO DE INTENDENCIA DA MARINHA EM LADARIO,,
787000,787000 - COMANDO DO 7.DN,,
787009,787009 - COMANDO NAVAL - RELATOR ADJUNTO DE BRASILIA,,
787200,787200 - GRUPAMENTO DE FUZILEIROS NAVAIS_DE BRASILIA,,
787310,787310 - CAPITANIA FLUVIAL DO ARAGUAIA - TOCANTINS,,
787400,787400 - ESTACAO RADIO DA MARINHA EM BRASILIA,,
787700,787700 - HOSPITAL NAVAL DE BRASILIA,,
787900,787900 - CENTRO DE INST.E ADESTRAMENTO DE BRASILIA,,
788009,788009 - COMANDO NAVAL DA AMAZONIA OCIDENTAL-RA,,
788100,788100 - COMANDO DA FLOTILHA DO AMAZONAS,,
788310,788310 - CAPITANIA FLUVIAL DA AMAZONIA OCIDENTAL,,
788701,788701 - POLICLÍNICA NAVAL DE MANAUS,,
788810,788810 - ESTACAO NAVAL DO RIO NEGRO,,
788820,788820 - CENTRO DE INTENDENCIA DA MARINHA EM MANAUS,,
789000,789000 - COMANDO DO 8.DISTRITO NAVAL,,
789009,789009 - COMANDO DO 8. DN - RELATOR ADJUNTO,,
789200,789200 - CENTRO DE COORD.DE ESTUDOS DA MARINHA EM SP,,
789310,789310 - CAPITANIA DOS PORTOS DE SAO PAULO,,
789311,789311 - DEL.DA CAPITANIA DOS PORTOS EM SAO SEBASTIAO,,
789320,789320 - CAPITANIA FLUVIAL DO TIETE-PARANA,,
789321,789321 - DELEGACIA FLUVIAL DE PRESIDENTE EPITACIO,,
791000,791000 - COMANDO-EM-CHEFE DA ESQUADRA,,
791009,791009 - COMANDO EM CHEFE-RELATOR ADJUNTO DA ESQUADRA,,
791100,791100 - COMANDO DA FORCA AERONAVAL,,
791180,791180 - BASE AEREA NAVAL DE SAO PEDRO DA ALDEIA,,
791181,791181 - CENTRO DE INTEND. DA MARINHA EM S.PEDRO DA AL,,
791500,791500 - COMANDO DA FORCA DE SUBMARINOS,,
791580,791580 - BASE ALMIRANTE CASTRO E SILVA,,
791590,791590 - CENTRO DE INSTR.E ADESTR.ALM.ATILA M.ACHE,,
791600,791600 - COMANDO DA FORCA DE SUPERFICIE,,
791610,791610 - COMANDO DO PRIMEIRO ESQUADRAO DE ESCOLTAS,,
791620,791620 - COMANDO DO SEGUNDO ESQUADRAO DE ESCOLTA,,
791660,791660 - COMANDO DO PRIMEIRO ESQUADRAO DE APOIO,,
791800,791800 - BASE NAVAL DO RIO DE JANEIRO,,
791901,791901 - CENTRO DE ADESTRAMENTO ALM.MARQUES DE LEAO,,
791902,791902 - CENTRO DE APOIO A SISTEMAS OPERATIVOS,,
791904,791904 - CENTRO DE MANUTENCAO DE EMBARCACOES MIUDAS,,
795009,795009 - COM. DA FORCA-REL. ADJ. DE FUZILS. DA ESQ.,,
795180,795180 - BASE DE FUZILEIROS NAVAIS DA I. DO GOVERNADOR,,
795380,795380 - BASE DE FUZILEIROS NAVAIS DA ILHA DAS FLORES,,
795400,795400 - BATALHAO DE OPERACOES ESPECIAIS DE FN,,
795500,795500 - BASE DE FUZILEIROS NAVAIS DO RIO MERITI,,
820301,820301 - INSTITUTO DE PESQUISAS DA MARINHA,,
821000,821000 - ESCOLA DE GUERRA NAVAL,,
823000,823000 - CENTRO DE ANALISES DE SISTEMAS NAVAIS,,
840200,840200 - CENTRO DE MANUTENÇÃO DE SISTEMAS DA MARINHA,,
841000,841000 - ARSENAL DE MARINHA_DO RIO DE JANEIRO,,
841002,841002 - AMRJ OMPS - I APOIO DE BASE,,
843000,843000 - DIRETORIA DE AERONAUTICA DA MARINHA,,
851212,851212 - BASE DE HIDROGRAFIA DA MARINHA EM NITEROI,,
852000,852000 - DIRETORIA DE PORTOS E COSTAS,,
852001,852001 - DPC - FUNDO DESENV.ENSINO PROF.MARITIMO,,
852100,852100 - CENTRO DE INSTRUCAO ALMIRANTE GRACA ARANHA,,
853000,853000 - INST.DE ESTUDOS DO MAR ALTE.PAULO MOREIRA,,
862200,862200 - CENTRO DE INSTRUCAO ALMIRANTE WANDENKOLK,,
862400,862400 - ESCOLA NAVAL,,
862600,862600 - CENTRO DE INSTRUCAO ALMIRANTE ALEXANDRINO,,
863000,863000 - DIRETORIA DO PESSOAL CIVIL DA MARINHA,,
865701,865701 - HOSPITAL CENTRAL_DA MARINHA,,
865720,865720 - HOSPITAL NAVAL MARCILIO DIAS,,
871300,871300 - CENTRO DE OBTENCAO DA MARINHA NO R.J.,,
872001,872001 - DIRETORIA DE GESTÃO ORÇAMENTARIA DA MARINHA,,
872003,872003 - RESERVA TECNICA DGOM,,
872006,872006 - RESERVA TECNICA DGOM - SISTEMAS,,
873001,873001 - DIRETORIA DE FINANCAS-SISTEMA PARA O PAIS/MM,,
873200,873200 - PAGADORIA DE PESSOAL DA MARINHA - PAPEM-PAIS,,
880000,880000 - COMANDO DE OPERACOES NAVAIS,,
881000,881000 - COMANDO DO 1.DISTRITO NAVAL,,
881310,881310 - CAPITANIA DOS PORTOS DO ESPIRITO SANTO,,
881330,881330 - CAPITANIA DOS PORTOS DO RIO DE JANEIRO.,,
881331,881331 - DELEG. DA CAPIT. DOS PORTOS EM ANGRA DOS REIS,,
881332,881332 - DELEG. DA CAPITANIA DOS PORTOS EM ITACURUCA,,
881333,881333 - DELEGACIA DA CAPITANIA DOS PORTOS EM MACAE,,
882009,882009 - COMANDO DO 2 DN - RELATOR ADJUNTO,,
882311,882311 - DELEG.CAPITANIA PORTOS EM ILHEUS,,
882320,882320 - CAPITANIA DOS PORTOS DE SERGIPE,,
882330,882330 - CAPITANIA FLUVIAL DO SAO FRANCISCO,,
882700,882700 - HOSPITAL NAVAL_DE SALVADOR,,
882802,882802 - CENTRO DE INTENDENCIA DA MARINHA EM SALVADOR,,
883009,883009 - COMANDO DO 3 DN - RELATOR ADJUNTO,,
883310,883310 - CAPITANIA DOS PORTOS DE ALAGOAS,,
883330,883330 - CAPITANIA DOS PORTOS DA PARAIBA,,
883601,883601 - ESCOLA DE APRENDIZES-MARINHEIROS DO CEARA,,
883602,883602 - ESCOLA DE APREND.-MARINHEIROS DE PERNAMBUCO,,
883810,883810 - CENTRO DE INTENDENCIA DA MARINHA EM NATAL,,
884009,884009 - COMANDO DO 4 DN - RELATOR ADJUNTO,,
884311,884311 - CAPITANIA FLUVIAL DE SANTAREM,,
884312,884312 - CAPITANIA DOS PORTOS DO AMAPÁ,,
884320,884320 - CAPITANIA DOS PORTOS DO MARANHAO,,
884330,884330 - CAPITANIA DOS PORTOS DO  PIAUI,,
884810,884810 - CENTRO DE INTENDENCIA DA MARINHA EM BELEM,,
885009,885009 - COMANDO DO 5 DN - RELATOR ADJUNTO,,
885310,885310 - CAPITANIA FLUVIAL DO RIO PARANA,,
885320,885320 - CAPITANIA DOS PORTOS DO PARANA,,
885331,885331 - DEL CAP PORTOS RGS EM PORTO ALEGRE,,
885340,885340 - CAPITANIA DOS PORTOS DE SANTA CATARINA,,
885600,885600 - ESCOLA DE APRENDIZES-MARINHEIROS DE SC,,
885800,885800 - ESTACAO NAVAL DO RIO GRANDE,,
885810,885810 - CENTRO DE INTENDENCIA DA MARINHA EM RIO GRAND,,
886810,886810 - CENTRO DE INTENDENCIA DA MARINHA EM LADARIO,,
887000,887000 - COMANDO DO 7.DN,,
887009,887009 - COMANDO NAVAL - RELATOR ADJUNTO DE BRASILIA,,
887310,887310 - CAPITANIA FLUVIAL DO ARAGUAIA - TOCANTINS,,
888009,888009 - COMANDO NAVAL DA AMAZONIA OCIDENTAL-RA,,
888310,888310 - CAPITANIA FLUVIAL DA AMAZONIA OCIDENTAL,,
888810,888810 - .STACAO NAVAL DO RIO NEGRO,,
888820,888820 - CENTRO DE INTENDENCIA DA MARINHA EM MANAUS,,
889000,889000 - COMANDO DO 8.DISTRITO NAVAL,,
889009,889009 - COMANDO DO 8. DN - RELATOR ADJUNTO,,
889310,889310 - CAPITANIA DOS PORTOS DE SAO PAULO,,
889311,889311 - DEL.DA CAPITANIA DOS PORTOS EM SAO SEBASTIAO,,
889320,889320 - CAPITANIA FLUVIAL DO TIETE-PARANA,,
889321,889321 - DELEGACIA FLUVIAL DE PRESIDENTE EPITACIO,,
891181,891181 - CENTRO DE INTEND. DA MARINHA EM S.PEDRO DA AL,,
891590,891590 - CENTRO DE INSTR.E ADESTR.ALM.ATILA M.ACHE,,
891800,891800 - BASE NAVAL DO RIO DE JANEIRO,,
891901,891901 - CENTRO DE ADESTRAMENTO ALM.MARQUES DE LEAO,,
